#VRML V2.0 utf8
# 3D model generated by easyeda2kicad.py (https://github.com/uPesy/easyeda2kicad.py)

Shape{
    appearance Appearance {
        material  Material 	{
            diffuseColor 0.8313725490196079 0.6705882352941176 0.12941176470588237
            specularColor 0.6666666666666666 0.5372549019607843 0.10196078431372549
            ambientIntensity 0.657
            transparency 0.0
            shininess 0.5
        }
    }
    geometry IndexedFaceSet {
        ccw TRUE
        solid FALSE
        coord DEF co Coordinate {
            point [
                -3.8681 -1.3484 0.1614, -3.8681 -1.3484 0.0787, -3.809 -1.3484 0.1614, -3.809 -1.3484 0.0787, -3.8681 0.502 0.1614, -3.809 0.502 0.1614, -3.8681 0.502 0.0394, -3.809 0.502 0.0394, -3.8681 0.6988 0.0394, -3.809 0.6988 0.0394, -3.8681 0.6988 0.0, -3.809 0.6988 0.0, -3.8681 0.4232 0.0, -3.809 0.4232 0.0, -3.8681 0.4232 0.0787, -3.809 0.4232 0.0787, -3.6713 -1.3484 0.1614, -3.6713 -1.3484 0.0787, -3.6122 -1.3484 0.1614, -3.6122 -1.3484 0.0787, -3.6713 0.502 0.1614, -3.6122 0.502 0.1614, -3.6713 0.502 0.0394, -3.6122 0.502 0.0394, -3.6713 0.6988 0.0394, -3.6122 0.6988 0.0394, -3.6713 0.6988 0.0, -3.6122 0.6988 0.0, -3.6713 0.4232 0.0, -3.6122 0.4232 0.0, -3.6713 0.4232 0.0787, -3.6122 0.4232 0.0787, -3.4744 -1.3484 0.1614, -3.4744 -1.3484 0.0787, -3.4153 -1.3484 0.1614, -3.4153 -1.3484 0.0787, -3.4744 0.502 0.1614, -3.4153 0.502 0.1614, -3.4744 0.502 0.0394, -3.4153 0.502 0.0394, -3.4744 0.6988 0.0394, -3.4153 0.6988 0.0394, -3.4744 0.6988 0.0, -3.4153 0.6988 0.0, -3.4744 0.4232 0.0, -3.4153 0.4232 0.0, -3.4744 0.4232 0.0787, -3.4153 0.4232 0.0787, -3.2775 -1.3484 0.1614, -3.2775 -1.3484 0.0787, -3.2185 -1.3484 0.1614, -3.2185 -1.3484 0.0787, -3.2775 0.502 0.1614, -3.2185 0.502 0.1614, -3.2775 0.502 0.0394, -3.2185 0.502 0.0394, -3.2775 0.6988 0.0394, -3.2185 0.6988 0.0394, -3.2775 0.6988 0.0, -3.2185 0.6988 0.0, -3.2775 0.4232 0.0, -3.2185 0.4232 0.0, -3.2775 0.4232 0.0787, -3.2185 0.4232 0.0787, -3.0807 -1.3484 0.1614, -3.0807 -1.3484 0.0787, -3.0216 -1.3484 0.1614, -3.0216 -1.3484 0.0787, -3.0807 0.502 0.1614, -3.0216 0.502 0.1614, -3.0807 0.502 0.0394, -3.0216 0.502 0.0394, -3.0807 0.6988 0.0394, -3.0216 0.6988 0.0394, -3.0807 0.6988 0.0, -3.0216 0.6988 0.0, -3.0807 0.4232 0.0, -3.0216 0.4232 0.0, -3.0807 0.4232 0.0787, -3.0216 0.4232 0.0787, -2.8838 -1.3484 0.1614, -2.8838 -1.3484 0.0787, -2.8248 -1.3484 0.1614, -2.8248 -1.3484 0.0787, -2.8838 0.502 0.1614, -2.8248 0.502 0.1614, -2.8838 0.502 0.0394, -2.8248 0.502 0.0394, -2.8838 0.6988 0.0394, -2.8248 0.6988 0.0394, -2.8838 0.6988 0.0, -2.8248 0.6988 0.0, -2.8838 0.4232 0.0, -2.8248 0.4232 0.0, -2.8838 0.4232 0.0787, -2.8248 0.4232 0.0787, -2.687 -1.3484 0.1614, -2.687 -1.3484 0.0787, -2.6279 -1.3484 0.1614, -2.6279 -1.3484 0.0787, -2.687 0.502 0.1614, -2.6279 0.502 0.1614, -2.687 0.502 0.0394, -2.6279 0.502 0.0394, -2.687 0.6988 0.0394, -2.6279 0.6988 0.0394, -2.687 0.6988 0.0, -2.6279 0.6988 0.0, -2.687 0.4232 0.0, -2.6279 0.4232 0.0, -2.687 0.4232 0.0787, -2.6279 0.4232 0.0787, -2.4901 -1.3484 0.1614, -2.4901 -1.3484 0.0787, -2.4311 -1.3484 0.1614, -2.4311 -1.3484 0.0787, -2.4901 0.502 0.1614, -2.4311 0.502 0.1614, -2.4901 0.502 0.0394, -2.4311 0.502 0.0394, -2.4901 0.6988 0.0394, -2.4311 0.6988 0.0394, -2.4901 0.6988 0.0, -2.4311 0.6988 0.0, -2.4901 0.4232 0.0, -2.4311 0.4232 0.0, -2.4901 0.4232 0.0787, -2.4311 0.4232 0.0787, -2.2933 -1.3484 0.1614, -2.2933 -1.3484 0.0787, -2.2342 -1.3484 0.1614, -2.2342 -1.3484 0.0787, -2.2933 0.502 0.1614, -2.2342 0.502 0.1614, -2.2933 0.502 0.0394, -2.2342 0.502 0.0394, -2.2933 0.6988 0.0394, -2.2342 0.6988 0.0394, -2.2933 0.6988 0.0, -2.2342 0.6988 0.0, -2.2933 0.4232 0.0, -2.2342 0.4232 0.0, -2.2933 0.4232 0.0787, -2.2342 0.4232 0.0787, -2.0964 -1.3484 0.1614, -2.0964 -1.3484 0.0787, -2.0374 -1.3484 0.1614, -2.0374 -1.3484 0.0787, -2.0964 0.502 0.1614, -2.0374 0.502 0.1614, -2.0964 0.502 0.0394, -2.0374 0.502 0.0394, -2.0964 0.6988 0.0394, -2.0374 0.6988 0.0394, -2.0964 0.6988 0.0, -2.0374 0.6988 0.0, -2.0964 0.4232 0.0, -2.0374 0.4232 0.0, -2.0964 0.4232 0.0787, -2.0374 0.4232 0.0787, -1.8996 -1.3484 0.1614, -1.8996 -1.3484 0.0787, -1.8405 -1.3484 0.1614, -1.8405 -1.3484 0.0787, -1.8996 0.502 0.1614, -1.8405 0.502 0.1614, -1.8996 0.502 0.0394, -1.8405 0.502 0.0394, -1.8996 0.6988 0.0394, -1.8405 0.6988 0.0394, -1.8996 0.6988 0.0, -1.8405 0.6988 0.0, -1.8996 0.4232 0.0, -1.8405 0.4232 0.0, -1.8996 0.4232 0.0787, -1.8405 0.4232 0.0787, -1.7027 -1.3484 0.1614, -1.7027 -1.3484 0.0787, -1.6437 -1.3484 0.1614, -1.6437 -1.3484 0.0787, -1.7027 0.502 0.1614, -1.6437 0.502 0.1614, -1.7027 0.502 0.0394, -1.6437 0.502 0.0394, -1.7027 0.6988 0.0394, -1.6437 0.6988 0.0394, -1.7027 0.6988 0.0, -1.6437 0.6988 0.0, -1.7027 0.4232 0.0, -1.6437 0.4232 0.0, -1.7027 0.4232 0.0787, -1.6437 0.4232 0.0787, -1.5059 -1.3484 0.1614, -1.5059 -1.3484 0.0787, -1.4468 -1.3484 0.1614, -1.4468 -1.3484 0.0787, -1.5059 0.502 0.1614, -1.4468 0.502 0.1614, -1.5059 0.502 0.0394, -1.4468 0.502 0.0394, -1.5059 0.6988 0.0394, -1.4468 0.6988 0.0394, -1.5059 0.6988 0.0, -1.4468 0.6988 0.0, -1.5059 0.4232 0.0, -1.4468 0.4232 0.0, -1.5059 0.4232 0.0787, -1.4468 0.4232 0.0787, -1.309 -1.3484 0.1614, -1.309 -1.3484 0.0787, -1.25 -1.3484 0.1614, -1.25 -1.3484 0.0787, -1.309 0.502 0.1614, -1.25 0.502 0.1614, -1.309 0.502 0.0394, -1.25 0.502 0.0394, -1.309 0.6988 0.0394, -1.25 0.6988 0.0394, -1.309 0.6988 0.0, -1.25 0.6988 0.0, -1.309 0.4232 0.0, -1.25 0.4232 0.0, -1.309 0.4232 0.0787, -1.25 0.4232 0.0787, -1.1122 -1.3484 0.1614, -1.1122 -1.3484 0.0787, -1.0531 -1.3484 0.1614, -1.0531 -1.3484 0.0787, -1.1122 0.502 0.1614, -1.0531 0.502 0.1614, -1.1122 0.502 0.0394, -1.0531 0.502 0.0394, -1.1122 0.6988 0.0394, -1.0531 0.6988 0.0394, -1.1122 0.6988 0.0, -1.0531 0.6988 0.0, -1.1122 0.4232 0.0, -1.0531 0.4232 0.0, -1.1122 0.4232 0.0787, -1.0531 0.4232 0.0787, -0.9153 -1.3484 0.1614, -0.9153 -1.3484 0.0787, -0.8563 -1.3484 0.1614, -0.8563 -1.3484 0.0787, -0.9153 0.502 0.1614, -0.8563 0.502 0.1614, -0.9153 0.502 0.0394, -0.8563 0.502 0.0394, -0.9153 0.6988 0.0394, -0.8563 0.6988 0.0394, -0.9153 0.6988 0.0, -0.8563 0.6988 0.0, -0.9153 0.4232 0.0, -0.8563 0.4232 0.0, -0.9153 0.4232 0.0787, -0.8563 0.4232 0.0787, -0.7185 -1.3484 0.1614, -0.7185 -1.3484 0.0787, -0.6594 -1.3484 0.1614, -0.6594 -1.3484 0.0787, -0.7185 0.502 0.1614, -0.6594 0.502 0.1614, -0.7185 0.502 0.0394, -0.6594 0.502 0.0394, -0.7185 0.6988 0.0394, -0.6594 0.6988 0.0394, -0.7185 0.6988 0.0, -0.6594 0.6988 0.0, -0.7185 0.4232 0.0, -0.6594 0.4232 0.0, -0.7185 0.4232 0.0787, -0.6594 0.4232 0.0787, -0.5216 -1.3484 0.1614, -0.5216 -1.3484 0.0787, -0.4626 -1.3484 0.1614, -0.4626 -1.3484 0.0787, -0.5216 0.502 0.1614, -0.4626 0.502 0.1614, -0.5216 0.502 0.0394, -0.4626 0.502 0.0394, -0.5216 0.6988 0.0394, -0.4626 0.6988 0.0394, -0.5216 0.6988 0.0, -0.4626 0.6988 0.0, -0.5216 0.4232 0.0, -0.4626 0.4232 0.0, -0.5216 0.4232 0.0787, -0.4626 0.4232 0.0787, -0.3248 -1.3484 0.1614, -0.3248 -1.3484 0.0787, -0.2657 -1.3484 0.1614, -0.2657 -1.3484 0.0787, -0.3248 0.502 0.1614, -0.2657 0.502 0.1614, -0.3248 0.502 0.0394, -0.2657 0.502 0.0394, -0.3248 0.6988 0.0394, -0.2657 0.6988 0.0394, -0.3248 0.6988 0.0, -0.2657 0.6988 0.0, -0.3248 0.4232 0.0, -0.2657 0.4232 0.0, -0.3248 0.4232 0.0787, -0.2657 0.4232 0.0787, -0.1279 -1.3484 0.1614, -0.1279 -1.3484 0.0787, -0.0689 -1.3484 0.1614, -0.0689 -1.3484 0.0787, -0.1279 0.502 0.1614, -0.0689 0.502 0.1614, -0.1279 0.502 0.0394, -0.0689 0.502 0.0394, -0.1279 0.6988 0.0394, -0.0689 0.6988 0.0394, -0.1279 0.6988 0.0, -0.0689 0.6988 0.0, -0.1279 0.4232 0.0, -0.0689 0.4232 0.0, -0.1279 0.4232 0.0787, -0.0689 0.4232 0.0787, 0.0689 -1.3484 0.1614, 0.0689 -1.3484 0.0787, 0.128 -1.3484 0.1614, 0.128 -1.3484 0.0787, 0.0689 0.502 0.1614, 0.128 0.502 0.1614, 0.0689 0.502 0.0394, 0.128 0.502 0.0394, 0.0689 0.6988 0.0394, 0.128 0.6988 0.0394, 0.0689 0.6988 0.0, 0.128 0.6988 0.0, 0.0689 0.4232 0.0, 0.128 0.4232 0.0, 0.0689 0.4232 0.0787, 0.128 0.4232 0.0787, 0.2658 -1.3484 0.1614, 0.2658 -1.3484 0.0787, 0.3248 -1.3484 0.1614, 0.3248 -1.3484 0.0787, 0.2658 0.502 0.1614, 0.3248 0.502 0.1614, 0.2658 0.502 0.0394, 0.3248 0.502 0.0394, 0.2658 0.6988 0.0394, 0.3248 0.6988 0.0394, 0.2658 0.6988 0.0, 0.3248 0.6988 0.0, 0.2658 0.4232 0.0, 0.3248 0.4232 0.0, 0.2658 0.4232 0.0787, 0.3248 0.4232 0.0787, 0.4626 -1.3484 0.1614, 0.4626 -1.3484 0.0787, 0.5217 -1.3484 0.1614, 0.5217 -1.3484 0.0787, 0.4626 0.502 0.1614, 0.5217 0.502 0.1614, 0.4626 0.502 0.0394, 0.5217 0.502 0.0394, 0.4626 0.6988 0.0394, 0.5217 0.6988 0.0394, 0.4626 0.6988 0.0, 0.5217 0.6988 0.0, 0.4626 0.4232 0.0, 0.5217 0.4232 0.0, 0.4626 0.4232 0.0787, 0.5217 0.4232 0.0787, 0.6595 -1.3484 0.1614, 0.6595 -1.3484 0.0787, 0.7185 -1.3484 0.1614, 0.7185 -1.3484 0.0787, 0.6595 0.502 0.1614, 0.7185 0.502 0.1614, 0.6595 0.502 0.0394, 0.7185 0.502 0.0394, 0.6595 0.6988 0.0394, 0.7185 0.6988 0.0394, 0.6595 0.6988 0.0, 0.7185 0.6988 0.0, 0.6595 0.4232 0.0, 0.7185 0.4232 0.0, 0.6595 0.4232 0.0787, 0.7185 0.4232 0.0787, 0.8563 -1.3484 0.1614, 0.8563 -1.3484 0.0787, 0.9154 -1.3484 0.1614, 0.9154 -1.3484 0.0787, 0.8563 0.502 0.1614, 0.9154 0.502 0.1614, 0.8563 0.502 0.0394, 0.9154 0.502 0.0394, 0.8563 0.6988 0.0394, 0.9154 0.6988 0.0394, 0.8563 0.6988 0.0, 0.9154 0.6988 0.0, 0.8563 0.4232 0.0, 0.9154 0.4232 0.0, 0.8563 0.4232 0.0787, 0.9154 0.4232 0.0787, 1.0532 -1.3484 0.1614, 1.0532 -1.3484 0.0787, 1.1122 -1.3484 0.1614, 1.1122 -1.3484 0.0787, 1.0532 0.502 0.1614, 1.1122 0.502 0.1614, 1.0532 0.502 0.0394, 1.1122 0.502 0.0394, 1.0532 0.6988 0.0394, 1.1122 0.6988 0.0394, 1.0532 0.6988 0.0, 1.1122 0.6988 0.0, 1.0532 0.4232 0.0, 1.1122 0.4232 0.0, 1.0532 0.4232 0.0787, 1.1122 0.4232 0.0787, 1.25 -1.3484 0.1614, 1.25 -1.3484 0.0787, 1.3091 -1.3484 0.1614, 1.3091 -1.3484 0.0787, 1.25 0.502 0.1614, 1.3091 0.502 0.1614, 1.25 0.502 0.0394, 1.3091 0.502 0.0394, 1.25 0.6988 0.0394, 1.3091 0.6988 0.0394, 1.25 0.6988 0.0, 1.3091 0.6988 0.0, 1.25 0.4232 0.0, 1.3091 0.4232 0.0, 1.25 0.4232 0.0787, 1.3091 0.4232 0.0787, 1.4469 -1.3484 0.1614, 1.4469 -1.3484 0.0787, 1.5059 -1.3484 0.1614, 1.5059 -1.3484 0.0787, 1.4469 0.502 0.1614, 1.5059 0.502 0.1614, 1.4469 0.502 0.0394, 1.5059 0.502 0.0394, 1.4469 0.6988 0.0394, 1.5059 0.6988 0.0394, 1.4469 0.6988 0.0, 1.5059 0.6988 0.0, 1.4469 0.4232 0.0, 1.5059 0.4232 0.0, 1.4469 0.4232 0.0787, 1.5059 0.4232 0.0787, 1.6437 -1.3484 0.1614, 1.6437 -1.3484 0.0787, 1.7028 -1.3484 0.1614, 1.7028 -1.3484 0.0787, 1.6437 0.502 0.1614, 1.7028 0.502 0.1614, 1.6437 0.502 0.0394, 1.7028 0.502 0.0394, 1.6437 0.6988 0.0394, 1.7028 0.6988 0.0394, 1.6437 0.6988 0.0, 1.7028 0.6988 0.0, 1.6437 0.4232 0.0, 1.7028 0.4232 0.0, 1.6437 0.4232 0.0787, 1.7028 0.4232 0.0787, 1.8406 -1.3484 0.1614, 1.8406 -1.3484 0.0787, 1.8996 -1.3484 0.1614, 1.8996 -1.3484 0.0787, 1.8406 0.502 0.1614, 1.8996 0.502 0.1614, 1.8406 0.502 0.0394, 1.8996 0.502 0.0394, 1.8406 0.6988 0.0394, 1.8996 0.6988 0.0394, 1.8406 0.6988 0.0, 1.8996 0.6988 0.0, 1.8406 0.4232 0.0, 1.8996 0.4232 0.0, 1.8406 0.4232 0.0787, 1.8996 0.4232 0.0787, 2.0374 -1.3484 0.1614, 2.0374 -1.3484 0.0787, 2.0965 -1.3484 0.1614, 2.0965 -1.3484 0.0787, 2.0374 0.502 0.1614, 2.0965 0.502 0.1614, 2.0374 0.502 0.0394, 2.0965 0.502 0.0394, 2.0374 0.6988 0.0394, 2.0965 0.6988 0.0394, 2.0374 0.6988 0.0, 2.0965 0.6988 0.0, 2.0374 0.4232 0.0, 2.0965 0.4232 0.0, 2.0374 0.4232 0.0787, 2.0965 0.4232 0.0787, 2.2343 -1.3484 0.1614, 2.2343 -1.3484 0.0787, 2.2933 -1.3484 0.1614, 2.2933 -1.3484 0.0787, 2.2343 0.502 0.1614, 2.2933 0.502 0.1614, 2.2343 0.502 0.0394, 2.2933 0.502 0.0394, 2.2343 0.6988 0.0394, 2.2933 0.6988 0.0394, 2.2343 0.6988 0.0, 2.2933 0.6988 0.0, 2.2343 0.4232 0.0, 2.2933 0.4232 0.0, 2.2343 0.4232 0.0787, 2.2933 0.4232 0.0787, 2.4311 -1.3484 0.1614, 2.4311 -1.3484 0.0787, 2.4902 -1.3484 0.1614, 2.4902 -1.3484 0.0787, 2.4311 0.502 0.1614, 2.4902 0.502 0.1614, 2.4311 0.502 0.0394, 2.4902 0.502 0.0394, 2.4311 0.6988 0.0394, 2.4902 0.6988 0.0394, 2.4311 0.6988 0.0, 2.4902 0.6988 0.0, 2.4311 0.4232 0.0, 2.4902 0.4232 0.0, 2.4311 0.4232 0.0787, 2.4902 0.4232 0.0787, 2.628 -1.3484 0.1614, 2.628 -1.3484 0.0787, 2.687 -1.3484 0.1614, 2.687 -1.3484 0.0787, 2.628 0.502 0.1614, 2.687 0.502 0.1614, 2.628 0.502 0.0394, 2.687 0.502 0.0394, 2.628 0.6988 0.0394, 2.687 0.6988 0.0394, 2.628 0.6988 0.0, 2.687 0.6988 0.0, 2.628 0.4232 0.0, 2.687 0.4232 0.0, 2.628 0.4232 0.0787, 2.687 0.4232 0.0787, 2.8248 -1.3484 0.1614, 2.8248 -1.3484 0.0787, 2.8839 -1.3484 0.1614, 2.8839 -1.3484 0.0787, 2.8248 0.502 0.1614, 2.8839 0.502 0.1614, 2.8248 0.502 0.0394, 2.8839 0.502 0.0394, 2.8248 0.6988 0.0394, 2.8839 0.6988 0.0394, 2.8248 0.6988 0.0, 2.8839 0.6988 0.0, 2.8248 0.4232 0.0, 2.8839 0.4232 0.0, 2.8248 0.4232 0.0787, 2.8839 0.4232 0.0787, 3.0217 -1.3484 0.1614, 3.0217 -1.3484 0.0787, 3.0807 -1.3484 0.1614, 3.0807 -1.3484 0.0787, 3.0217 0.502 0.1614, 3.0807 0.502 0.1614, 3.0217 0.502 0.0394, 3.0807 0.502 0.0394, 3.0217 0.6988 0.0394, 3.0807 0.6988 0.0394, 3.0217 0.6988 0.0, 3.0807 0.6988 0.0, 3.0217 0.4232 0.0, 3.0807 0.4232 0.0, 3.0217 0.4232 0.0787, 3.0807 0.4232 0.0787, 3.2185 -1.3484 0.1614, 3.2185 -1.3484 0.0787, 3.2776 -1.3484 0.1614, 3.2776 -1.3484 0.0787, 3.2185 0.502 0.1614, 3.2776 0.502 0.1614, 3.2185 0.502 0.0394, 3.2776 0.502 0.0394, 3.2185 0.6988 0.0394, 3.2776 0.6988 0.0394, 3.2185 0.6988 0.0, 3.2776 0.6988 0.0, 3.2185 0.4232 0.0, 3.2776 0.4232 0.0, 3.2185 0.4232 0.0787, 3.2776 0.4232 0.0787, 3.4154 -1.3484 0.1614, 3.4154 -1.3484 0.0787, 3.4744 -1.3484 0.1614, 3.4744 -1.3484 0.0787, 3.4154 0.502 0.1614, 3.4744 0.502 0.1614, 3.4154 0.502 0.0394, 3.4744 0.502 0.0394, 3.4154 0.6988 0.0394, 3.4744 0.6988 0.0394, 3.4154 0.6988 0.0, 3.4744 0.6988 0.0, 3.4154 0.4232 0.0, 3.4744 0.4232 0.0, 3.4154 0.4232 0.0787, 3.4744 0.4232 0.0787, 3.6122 -1.3484 0.1614, 3.6122 -1.3484 0.0787, 3.6713 -1.3484 0.1614, 3.6713 -1.3484 0.0787, 3.6122 0.502 0.1614, 3.6713 0.502 0.1614, 3.6122 0.502 0.0394, 3.6713 0.502 0.0394, 3.6122 0.6988 0.0394, 3.6713 0.6988 0.0394, 3.6122 0.6988 0.0, 3.6713 0.6988 0.0, 3.6122 0.4232 0.0, 3.6713 0.4232 0.0, 3.6122 0.4232 0.0787, 3.6713 0.4232 0.0787, 3.8091 -1.3484 0.1614, 3.8091 -1.3484 0.0787, 3.8681 -1.3484 0.1614, 3.8681 -1.3484 0.0787, 3.8091 0.502 0.1614, 3.8681 0.502 0.1614, 3.8091 0.502 0.0394, 3.8681 0.502 0.0394, 3.8091 0.6988 0.0394, 3.8681 0.6988 0.0394, 3.8091 0.6988 0.0, 3.8681 0.6988 0.0, 3.8091 0.4232 0.0, 3.8681 0.4232 0.0, 3.8091 0.4232 0.0787, 3.8681 0.4232 0.0787, -3.8681 -1.2475 0.6496, -3.809 -1.2475 0.6496, -3.809 -1.2555 0.6548, -3.8681 -1.2555 0.6548, -3.809 -1.2621 0.6618, -3.8681 -1.2621 0.6618, -3.809 -1.2668 0.6702, -3.8681 -1.2668 0.6702, -3.809 -1.2693 0.6795, -3.8681 -1.2693 0.6795, -3.809 -1.2695 0.6891, -3.8681 -1.2695 0.6891, -3.809 -1.2673 0.6985, -3.8681 -1.2673 0.6985, -3.809 -1.263 0.707, -3.8681 -1.263 0.707, -3.809 -1.2567 0.7143, -3.8681 -1.2567 0.7143, -3.809 -1.2488 0.7198, -3.8681 -1.2488 0.7198, -3.809 -1.2398 0.7232, -3.8681 -1.2398 0.7232, -3.809 -1.2303 0.7244, -3.8681 -1.2303 0.7244, -3.8681 0.3445 0.7244, -3.809 0.3445 0.7244, -3.8681 0.3445 0.6457, -3.809 0.3445 0.6457, -3.8681 -1.1122 0.6457, -3.809 -1.1122 0.6457, -3.8681 -1.14 0.5975, -3.809 -1.14 0.5975, -3.6713 -1.2475 0.6496, -3.6122 -1.2475 0.6496, -3.6122 -1.2555 0.6548, -3.6713 -1.2555 0.6548, -3.6122 -1.2621 0.6618, -3.6713 -1.2621 0.6618, -3.6122 -1.2668 0.6702, -3.6713 -1.2668 0.6702, -3.6122 -1.2693 0.6795, -3.6713 -1.2693 0.6795, -3.6122 -1.2695 0.6891, -3.6713 -1.2695 0.6891, -3.6122 -1.2673 0.6985, -3.6713 -1.2673 0.6985, -3.6122 -1.263 0.707, -3.6713 -1.263 0.707, -3.6122 -1.2567 0.7143, -3.6713 -1.2567 0.7143, -3.6122 -1.2488 0.7198, -3.6713 -1.2488 0.7198, -3.6122 -1.2398 0.7232, -3.6713 -1.2398 0.7232, -3.6122 -1.2303 0.7244, -3.6713 -1.2303 0.7244, -3.6713 0.3445 0.7244, -3.6122 0.3445 0.7244, -3.6713 0.3445 0.6457, -3.6122 0.3445 0.6457, -3.6713 -1.1122 0.6457, -3.6122 -1.1122 0.6457, -3.6713 -1.14 0.5975, -3.6122 -1.14 0.5975, -3.4744 -1.2475 0.6496, -3.4153 -1.2475 0.6496, -3.4153 -1.2555 0.6548, -3.4744 -1.2555 0.6548, -3.4153 -1.2621 0.6618, -3.4744 -1.2621 0.6618, -3.4153 -1.2668 0.6702, -3.4744 -1.2668 0.6702, -3.4153 -1.2693 0.6795, -3.4744 -1.2693 0.6795, -3.4153 -1.2695 0.6891, -3.4744 -1.2695 0.6891, -3.4153 -1.2673 0.6985, -3.4744 -1.2673 0.6985, -3.4153 -1.263 0.707, -3.4744 -1.263 0.707, -3.4153 -1.2567 0.7143, -3.4744 -1.2567 0.7143, -3.4153 -1.2488 0.7198, -3.4744 -1.2488 0.7198, -3.4153 -1.2398 0.7232, -3.4744 -1.2398 0.7232, -3.4153 -1.2303 0.7244, -3.4744 -1.2303 0.7244, -3.4744 0.3445 0.7244, -3.4153 0.3445 0.7244, -3.4744 0.3445 0.6457, -3.4153 0.3445 0.6457, -3.4744 -1.1122 0.6457, -3.4153 -1.1122 0.6457, -3.4744 -1.14 0.5975, -3.4153 -1.14 0.5975, -3.2775 -1.2475 0.6496, -3.2185 -1.2475 0.6496, -3.2185 -1.2555 0.6548, -3.2775 -1.2555 0.6548, -3.2185 -1.2621 0.6618, -3.2775 -1.2621 0.6618, -3.2185 -1.2668 0.6702, -3.2775 -1.2668 0.6702, -3.2185 -1.2693 0.6795, -3.2775 -1.2693 0.6795, -3.2185 -1.2695 0.6891, -3.2775 -1.2695 0.6891, -3.2185 -1.2673 0.6985, -3.2775 -1.2673 0.6985, -3.2185 -1.263 0.707, -3.2775 -1.263 0.707, -3.2185 -1.2567 0.7143, -3.2775 -1.2567 0.7143, -3.2185 -1.2488 0.7198, -3.2775 -1.2488 0.7198, -3.2185 -1.2398 0.7232, -3.2775 -1.2398 0.7232, -3.2185 -1.2303 0.7244, -3.2775 -1.2303 0.7244, -3.2775 0.3445 0.7244, -3.2185 0.3445 0.7244, -3.2775 0.3445 0.6457, -3.2185 0.3445 0.6457, -3.2775 -1.1122 0.6457, -3.2185 -1.1122 0.6457, -3.2775 -1.14 0.5975, -3.2185 -1.14 0.5975
            ]
        }
        coordIndex [
            0,1,2,-1,2,1,3,-1,4,0,5,-1,5,0,2,-1,6,4,7,-1,7,4,5,-1,8,6,9,-1,9,6,7,-1,10,8,11,-1,11,8,9,-1,12,10,13,-1,13,10,11,-1,14,12,15,-1,15,12,13,-1,1,14,3,-1,3,14,15,-1,1,0,14,-1,14,0,4,-1,14,4,12,-1,12,4,6,-1,12,6,10,-1,10,6,8,-1,2,3,5,-1,5,3,15,-1,5,15,7,-1,7,15,13,-1,7,13,9,-1,9,13,11,-1,16,17,18,-1,18,17,19,-1,20,16,21,-1,21,16,18,-1,22,20,23,-1,23,20,21,-1,24,22,25,-1,25,22,23,-1,26,24,27,-1,27,24,25,-1,28,26,29,-1,29,26,27,-1,30,28,31,-1,31,28,29,-1,17,30,19,-1,19,30,31,-1,17,16,30,-1,30,16,20,-1,30,20,28,-1,28,20,22,-1,28,22,26,-1,26,22,24,-1,18,19,21,-1,21,19,31,-1,21,31,23,-1,23,31,29,-1,23,29,25,-1,25,29,27,-1,32,33,34,-1,34,33,35,-1,36,32,37,-1,37,32,34,-1,38,36,39,-1,39,36,37,-1,40,38,41,-1,41,38,39,-1,42,40,43,-1,43,40,41,-1,44,42,45,-1,45,42,43,-1,46,44,47,-1,47,44,45,-1,33,46,35,-1,35,46,47,-1,33,32,46,-1,46,32,36,-1,46,36,44,-1,44,36,38,-1,44,38,42,-1,42,38,40,-1,34,35,37,-1,37,35,47,-1,37,47,39,-1,39,47,45,-1,39,45,41,-1,41,45,43,-1,48,49,50,-1,50,49,51,-1,52,48,53,-1,53,48,50,-1,54,52,55,-1,55,52,53,-1,56,54,57,-1,57,54,55,-1,58,56,59,-1,59,56,57,-1,60,58,61,-1,61,58,59,-1,62,60,63,-1,63,60,61,-1,49,62,51,-1,51,62,63,-1,49,48,62,-1,62,48,52,-1,62,52,60,-1,60,52,54,-1,60,54,58,-1,58,54,56,-1,50,51,53,-1,53,51,63,-1,53,63,55,-1,55,63,61,-1,55,61,57,-1,57,61,59,-1,64,65,66,-1,66,65,67,-1,68,64,69,-1,69,64,66,-1,70,68,71,-1,71,68,69,-1,72,70,73,-1,73,70,71,-1,74,72,75,-1,75,72,73,-1,76,74,77,-1,77,74,75,-1,78,76,79,-1,79,76,77,-1,65,78,67,-1,67,78,79,-1,65,64,78,-1,78,64,68,-1,78,68,76,-1,76,68,70,-1,76,70,74,-1,74,70,72,-1,66,67,69,-1,69,67,79,-1,69,79,71,-1,71,79,77,-1,71,77,73,-1,73,77,75,-1,80,81,82,-1,82,81,83,-1,84,80,85,-1,85,80,82,-1,86,84,87,-1,87,84,85,-1,88,86,89,-1,89,86,87,-1,90,88,91,-1,91,88,89,-1,92,90,93,-1,93,90,91,-1,94,92,95,-1,95,92,93,-1,81,94,83,-1,83,94,95,-1,81,80,94,-1,94,80,84,-1,94,84,92,-1,92,84,86,-1,92,86,90,-1,90,86,88,-1,82,83,85,-1,85,83,95,-1,85,95,87,-1,87,95,93,-1,87,93,89,-1,89,93,91,-1,96,97,98,-1,98,97,99,-1,100,96,101,-1,101,96,98,-1,102,100,103,-1,103,100,101,-1,104,102,105,-1,105,102,103,-1,106,104,107,-1,107,104,105,-1,108,106,109,-1,109,106,107,-1,110,108,111,-1,111,108,109,-1,97,110,99,-1,99,110,111,-1,97,96,110,-1,110,96,100,-1,110,100,108,-1,108,100,102,-1,108,102,106,-1,106,102,104,-1,98,99,101,-1,101,99,111,-1,101,111,103,-1,103,111,109,-1,103,109,105,-1,105,109,107,-1,112,113,114,-1,114,113,115,-1,116,112,117,-1,117,112,114,-1,118,116,119,-1,119,116,117,-1,120,118,121,-1,121,118,119,-1,122,120,123,-1,123,120,121,-1,124,122,125,-1,125,122,123,-1,126,124,127,-1,127,124,125,-1,113,126,115,-1,115,126,127,-1,113,112,126,-1,126,112,116,-1,126,116,124,-1,124,116,118,-1,124,118,122,-1,122,118,120,-1,114,115,117,-1,117,115,127,-1,117,127,119,-1,119,127,125,-1,119,125,121,-1,121,125,123,-1,128,129,130,-1,130,129,131,-1,132,128,133,-1,133,128,130,-1,134,132,135,-1,135,132,133,-1,136,134,137,-1,137,134,135,-1,138,136,139,-1,139,136,137,-1,140,138,141,-1,141,138,139,-1,142,140,143,-1,143,140,141,-1,129,142,131,-1,131,142,143,-1,129,128,142,-1,142,128,132,-1,142,132,140,-1,140,132,134,-1,140,134,138,-1,138,134,136,-1,130,131,133,-1,133,131,143,-1,133,143,135,-1,135,143,141,-1,135,141,137,-1,137,141,139,-1,144,145,146,-1,146,145,147,-1,148,144,149,-1,149,144,146,-1,150,148,151,-1,151,148,149,-1,152,150,153,-1,153,150,151,-1,154,152,155,-1,155,152,153,-1,156,154,157,-1,157,154,155,-1,158,156,159,-1,159,156,157,-1,145,158,147,-1,147,158,159,-1,145,144,158,-1,158,144,148,-1,158,148,156,-1,156,148,150,-1,156,150,154,-1,154,150,152,-1,146,147,149,-1,149,147,159,-1,149,159,151,-1,151,159,157,-1,151,157,153,-1,153,157,155,-1,160,161,162,-1,162,161,163,-1,164,160,165,-1,165,160,162,-1,166,164,167,-1,167,164,165,-1,168,166,169,-1,169,166,167,-1,170,168,171,-1,171,168,169,-1,172,170,173,-1,173,170,171,-1,174,172,175,-1,175,172,173,-1,161,174,163,-1,163,174,175,-1,161,160,174,-1,174,160,164,-1,174,164,172,-1,172,164,166,-1,172,166,170,-1,170,166,168,-1,162,163,165,-1,165,163,175,-1,165,175,167,-1,167,175,173,-1,167,173,169,-1,169,173,171,-1,176,177,178,-1,178,177,179,-1,180,176,181,-1,181,176,178,-1,182,180,183,-1,183,180,181,-1,184,182,185,-1,185,182,183,-1,186,184,187,-1,187,184,185,-1,188,186,189,-1,189,186,187,-1,190,188,191,-1,191,188,189,-1,177,190,179,-1,179,190,191,-1,177,176,190,-1,190,176,180,-1,190,180,188,-1,188,180,182,-1,188,182,186,-1,186,182,184,-1,178,179,181,-1,181,179,191,-1,181,191,183,-1,183,191,189,-1,183,189,185,-1,185,189,187,-1,192,193,194,-1,194,193,195,-1,196,192,197,-1,197,192,194,-1,198,196,199,-1,199,196,197,-1,200,198,201,-1,201,198,199,-1,202,200,203,-1,203,200,201,-1,204,202,205,-1,205,202,203,-1,206,204,207,-1,207,204,205,-1,193,206,195,-1,195,206,207,-1,193,192,206,-1,206,192,196,-1,206,196,204,-1,204,196,198,-1,204,198,202,-1,202,198,200,-1,194,195,197,-1,197,195,207,-1,197,207,199,-1,199,207,205,-1,199,205,201,-1,201,205,203,-1,208,209,210,-1,210,209,211,-1,212,208,213,-1,213,208,210,-1,214,212,215,-1,215,212,213,-1,216,214,217,-1,217,214,215,-1,218,216,219,-1,219,216,217,-1,220,218,221,-1,221,218,219,-1,222,220,223,-1,223,220,221,-1,209,222,211,-1,211,222,223,-1,209,208,222,-1,222,208,212,-1,222,212,220,-1,220,212,214,-1,220,214,218,-1,218,214,216,-1,210,211,213,-1,213,211,223,-1,213,223,215,-1,215,223,221,-1,215,221,217,-1,217,221,219,-1,224,225,226,-1,226,225,227,-1,228,224,229,-1,229,224,226,-1,230,228,231,-1,231,228,229,-1,232,230,233,-1,233,230,231,-1,234,232,235,-1,235,232,233,-1,236,234,237,-1,237,234,235,-1,238,236,239,-1,239,236,237,-1,225,238,227,-1,227,238,239,-1,225,224,238,-1,238,224,228,-1,238,228,236,-1,236,228,230,-1,236,230,234,-1,234,230,232,-1,226,227,229,-1,229,227,239,-1,229,239,231,-1,231,239,237,-1,231,237,233,-1,233,237,235,-1,240,241,242,-1,242,241,243,-1,244,240,245,-1,245,240,242,-1,246,244,247,-1,247,244,245,-1,248,246,249,-1,249,246,247,-1,250,248,251,-1,251,248,249,-1,252,250,253,-1,253,250,251,-1,254,252,255,-1,255,252,253,-1,241,254,243,-1,243,254,255,-1,241,240,254,-1,254,240,244,-1,254,244,252,-1,252,244,246,-1,252,246,250,-1,250,246,248,-1,242,243,245,-1,245,243,255,-1,245,255,247,-1,247,255,253,-1,247,253,249,-1,249,253,251,-1,256,257,258,-1,258,257,259,-1,260,256,261,-1,261,256,258,-1,262,260,263,-1,263,260,261,-1,264,262,265,-1,265,262,263,-1,266,264,267,-1,267,264,265,-1,268,266,269,-1,269,266,267,-1,270,268,271,-1,271,268,269,-1,257,270,259,-1,259,270,271,-1,257,256,270,-1,270,256,260,-1,270,260,268,-1,268,260,262,-1,268,262,266,-1,266,262,264,-1,258,259,261,-1,261,259,271,-1,261,271,263,-1,263,271,269,-1,263,269,265,-1,265,269,267,-1,272,273,274,-1,274,273,275,-1,276,272,277,-1,277,272,274,-1,278,276,279,-1,279,276,277,-1,280,278,281,-1,281,278,279,-1,282,280,283,-1,283,280,281,-1,284,282,285,-1,285,282,283,-1,286,284,287,-1,287,284,285,-1,273,286,275,-1,275,286,287,-1,273,272,286,-1,286,272,276,-1,286,276,284,-1,284,276,278,-1,284,278,282,-1,282,278,280,-1,274,275,277,-1,277,275,287,-1,277,287,279,-1,279,287,285,-1,279,285,281,-1,281,285,283,-1,288,289,290,-1,290,289,291,-1,292,288,293,-1,293,288,290,-1,294,292,295,-1,295,292,293,-1,296,294,297,-1,297,294,295,-1,298,296,299,-1,299,296,297,-1,300,298,301,-1,301,298,299,-1,302,300,303,-1,303,300,301,-1,289,302,291,-1,291,302,303,-1,289,288,302,-1,302,288,292,-1,302,292,300,-1,300,292,294,-1,300,294,298,-1,298,294,296,-1,290,291,293,-1,293,291,303,-1,293,303,295,-1,295,303,301,-1,295,301,297,-1,297,301,299,-1,304,305,306,-1,306,305,307,-1,308,304,309,-1,309,304,306,-1,310,308,311,-1,311,308,309,-1,312,310,313,-1,313,310,311,-1,314,312,315,-1,315,312,313,-1,316,314,317,-1,317,314,315,-1,318,316,319,-1,319,316,317,-1,305,318,307,-1,307,318,319,-1,305,304,318,-1,318,304,308,-1,318,308,316,-1,316,308,310,-1,316,310,314,-1,314,310,312,-1,306,307,309,-1,309,307,319,-1,309,319,311,-1,311,319,317,-1,311,317,313,-1,313,317,315,-1,320,321,322,-1,322,321,323,-1,324,320,325,-1,325,320,322,-1,326,324,327,-1,327,324,325,-1,328,326,329,-1,329,326,327,-1,330,328,331,-1,331,328,329,-1,332,330,333,-1,333,330,331,-1,334,332,335,-1,335,332,333,-1,321,334,323,-1,323,334,335,-1,321,320,334,-1,334,320,324,-1,334,324,332,-1,332,324,326,-1,332,326,330,-1,330,326,328,-1,322,323,325,-1,325,323,335,-1,325,335,327,-1,327,335,333,-1,327,333,329,-1,329,333,331,-1,336,337,338,-1,338,337,339,-1,340,336,341,-1,341,336,338,-1,342,340,343,-1,343,340,341,-1,344,342,345,-1,345,342,343,-1,346,344,347,-1,347,344,345,-1,348,346,349,-1,349,346,347,-1,350,348,351,-1,351,348,349,-1,337,350,339,-1,339,350,351,-1,337,336,350,-1,350,336,340,-1,350,340,348,-1,348,340,342,-1,348,342,346,-1,346,342,344,-1,338,339,341,-1,341,339,351,-1,341,351,343,-1,343,351,349,-1,343,349,345,-1,345,349,347,-1,352,353,354,-1,354,353,355,-1,356,352,357,-1,357,352,354,-1,358,356,359,-1,359,356,357,-1,360,358,361,-1,361,358,359,-1,362,360,363,-1,363,360,361,-1,364,362,365,-1,365,362,363,-1,366,364,367,-1,367,364,365,-1,353,366,355,-1,355,366,367,-1,353,352,366,-1,366,352,356,-1,366,356,364,-1,364,356,358,-1,364,358,362,-1,362,358,360,-1,354,355,357,-1,357,355,367,-1,357,367,359,-1,359,367,365,-1,359,365,361,-1,361,365,363,-1,368,369,370,-1,370,369,371,-1,372,368,373,-1,373,368,370,-1,374,372,375,-1,375,372,373,-1,376,374,377,-1,377,374,375,-1,378,376,379,-1,379,376,377,-1,380,378,381,-1,381,378,379,-1,382,380,383,-1,383,380,381,-1,369,382,371,-1,371,382,383,-1,369,368,382,-1,382,368,372,-1,382,372,380,-1,380,372,374,-1,380,374,378,-1,378,374,376,-1,370,371,373,-1,373,371,383,-1,373,383,375,-1,375,383,381,-1,375,381,377,-1,377,381,379,-1,384,385,386,-1,386,385,387,-1,388,384,389,-1,389,384,386,-1,390,388,391,-1,391,388,389,-1,392,390,393,-1,393,390,391,-1,394,392,395,-1,395,392,393,-1,396,394,397,-1,397,394,395,-1,398,396,399,-1,399,396,397,-1,385,398,387,-1,387,398,399,-1,385,384,398,-1,398,384,388,-1,398,388,396,-1,396,388,390,-1,396,390,394,-1,394,390,392,-1,386,387,389,-1,389,387,399,-1,389,399,391,-1,391,399,397,-1,391,397,393,-1,393,397,395,-1,400,401,402,-1,402,401,403,-1,404,400,405,-1,405,400,402,-1,406,404,407,-1,407,404,405,-1,408,406,409,-1,409,406,407,-1,410,408,411,-1,411,408,409,-1,412,410,413,-1,413,410,411,-1,414,412,415,-1,415,412,413,-1,401,414,403,-1,403,414,415,-1,401,400,414,-1,414,400,404,-1,414,404,412,-1,412,404,406,-1,412,406,410,-1,410,406,408,-1,402,403,405,-1,405,403,415,-1,405,415,407,-1,407,415,413,-1,407,413,409,-1,409,413,411,-1,416,417,418,-1,418,417,419,-1,420,416,421,-1,421,416,418,-1,422,420,423,-1,423,420,421,-1,424,422,425,-1,425,422,423,-1,426,424,427,-1,427,424,425,-1,428,426,429,-1,429,426,427,-1,430,428,431,-1,431,428,429,-1,417,430,419,-1,419,430,431,-1,417,416,430,-1,430,416,420,-1,430,420,428,-1,428,420,422,-1,428,422,426,-1,426,422,424,-1,418,419,421,-1,421,419,431,-1,421,431,423,-1,423,431,429,-1,423,429,425,-1,425,429,427,-1,432,433,434,-1,434,433,435,-1,436,432,437,-1,437,432,434,-1,438,436,439,-1,439,436,437,-1,440,438,441,-1,441,438,439,-1,442,440,443,-1,443,440,441,-1,444,442,445,-1,445,442,443,-1,446,444,447,-1,447,444,445,-1,433,446,435,-1,435,446,447,-1,433,432,446,-1,446,432,436,-1,446,436,444,-1,444,436,438,-1,444,438,442,-1,442,438,440,-1,434,435,437,-1,437,435,447,-1,437,447,439,-1,439,447,445,-1,439,445,441,-1,441,445,443,-1,448,449,450,-1,450,449,451,-1,452,448,453,-1,453,448,450,-1,454,452,455,-1,455,452,453,-1,456,454,457,-1,457,454,455,-1,458,456,459,-1,459,456,457,-1,460,458,461,-1,461,458,459,-1,462,460,463,-1,463,460,461,-1,449,462,451,-1,451,462,463,-1,449,448,462,-1,462,448,452,-1,462,452,460,-1,460,452,454,-1,460,454,458,-1,458,454,456,-1,450,451,453,-1,453,451,463,-1,453,463,455,-1,455,463,461,-1,455,461,457,-1,457,461,459,-1,464,465,466,-1,466,465,467,-1,468,464,469,-1,469,464,466,-1,470,468,471,-1,471,468,469,-1,472,470,473,-1,473,470,471,-1,474,472,475,-1,475,472,473,-1,476,474,477,-1,477,474,475,-1,478,476,479,-1,479,476,477,-1,465,478,467,-1,467,478,479,-1,465,464,478,-1,478,464,468,-1,478,468,476,-1,476,468,470,-1,476,470,474,-1,474,470,472,-1,466,467,469,-1,469,467,479,-1,469,479,471,-1,471,479,477,-1,471,477,473,-1,473,477,475,-1,480,481,482,-1,482,481,483,-1,484,480,485,-1,485,480,482,-1,486,484,487,-1,487,484,485,-1,488,486,489,-1,489,486,487,-1,490,488,491,-1,491,488,489,-1,492,490,493,-1,493,490,491,-1,494,492,495,-1,495,492,493,-1,481,494,483,-1,483,494,495,-1,481,480,494,-1,494,480,484,-1,494,484,492,-1,492,484,486,-1,492,486,490,-1,490,486,488,-1,482,483,485,-1,485,483,495,-1,485,495,487,-1,487,495,493,-1,487,493,489,-1,489,493,491,-1,496,497,498,-1,498,497,499,-1,500,496,501,-1,501,496,498,-1,502,500,503,-1,503,500,501,-1,504,502,505,-1,505,502,503,-1,506,504,507,-1,507,504,505,-1,508,506,509,-1,509,506,507,-1,510,508,511,-1,511,508,509,-1,497,510,499,-1,499,510,511,-1,497,496,510,-1,510,496,500,-1,510,500,508,-1,508,500,502,-1,508,502,506,-1,506,502,504,-1,498,499,501,-1,501,499,511,-1,501,511,503,-1,503,511,509,-1,503,509,505,-1,505,509,507,-1,512,513,514,-1,514,513,515,-1,516,512,517,-1,517,512,514,-1,518,516,519,-1,519,516,517,-1,520,518,521,-1,521,518,519,-1,522,520,523,-1,523,520,521,-1,524,522,525,-1,525,522,523,-1,526,524,527,-1,527,524,525,-1,513,526,515,-1,515,526,527,-1,513,512,526,-1,526,512,516,-1,526,516,524,-1,524,516,518,-1,524,518,522,-1,522,518,520,-1,514,515,517,-1,517,515,527,-1,517,527,519,-1,519,527,525,-1,519,525,521,-1,521,525,523,-1,528,529,530,-1,530,529,531,-1,532,528,533,-1,533,528,530,-1,534,532,535,-1,535,532,533,-1,536,534,537,-1,537,534,535,-1,538,536,539,-1,539,536,537,-1,540,538,541,-1,541,538,539,-1,542,540,543,-1,543,540,541,-1,529,542,531,-1,531,542,543,-1,529,528,542,-1,542,528,532,-1,542,532,540,-1,540,532,534,-1,540,534,538,-1,538,534,536,-1,530,531,533,-1,533,531,543,-1,533,543,535,-1,535,543,541,-1,535,541,537,-1,537,541,539,-1,544,545,546,-1,546,545,547,-1,548,544,549,-1,549,544,546,-1,550,548,551,-1,551,548,549,-1,552,550,553,-1,553,550,551,-1,554,552,555,-1,555,552,553,-1,556,554,557,-1,557,554,555,-1,558,556,559,-1,559,556,557,-1,545,558,547,-1,547,558,559,-1,545,544,558,-1,558,544,548,-1,558,548,556,-1,556,548,550,-1,556,550,554,-1,554,550,552,-1,546,547,549,-1,549,547,559,-1,549,559,551,-1,551,559,557,-1,551,557,553,-1,553,557,555,-1,560,561,562,-1,562,561,563,-1,564,560,565,-1,565,560,562,-1,566,564,567,-1,567,564,565,-1,568,566,569,-1,569,566,567,-1,570,568,571,-1,571,568,569,-1,572,570,573,-1,573,570,571,-1,574,572,575,-1,575,572,573,-1,561,574,563,-1,563,574,575,-1,561,560,574,-1,574,560,564,-1,574,564,572,-1,572,564,566,-1,572,566,570,-1,570,566,568,-1,562,563,565,-1,565,563,575,-1,565,575,567,-1,567,575,573,-1,567,573,569,-1,569,573,571,-1,576,577,578,-1,578,577,579,-1,580,576,581,-1,581,576,578,-1,582,580,583,-1,583,580,581,-1,584,582,585,-1,585,582,583,-1,586,584,587,-1,587,584,585,-1,588,586,589,-1,589,586,587,-1,590,588,591,-1,591,588,589,-1,577,590,579,-1,579,590,591,-1,577,576,590,-1,590,576,580,-1,590,580,588,-1,588,580,582,-1,588,582,586,-1,586,582,584,-1,578,579,581,-1,581,579,591,-1,581,591,583,-1,583,591,589,-1,583,589,585,-1,585,589,587,-1,592,593,594,-1,594,593,595,-1,596,592,597,-1,597,592,594,-1,598,596,599,-1,599,596,597,-1,600,598,601,-1,601,598,599,-1,602,600,603,-1,603,600,601,-1,604,602,605,-1,605,602,603,-1,606,604,607,-1,607,604,605,-1,593,606,595,-1,595,606,607,-1,593,592,606,-1,606,592,596,-1,606,596,604,-1,604,596,598,-1,604,598,602,-1,602,598,600,-1,594,595,597,-1,597,595,607,-1,597,607,599,-1,599,607,605,-1,599,605,601,-1,601,605,603,-1,608,609,610,-1,610,609,611,-1,612,608,613,-1,613,608,610,-1,614,612,615,-1,615,612,613,-1,616,614,617,-1,617,614,615,-1,618,616,619,-1,619,616,617,-1,620,618,621,-1,621,618,619,-1,622,620,623,-1,623,620,621,-1,609,622,611,-1,611,622,623,-1,609,608,622,-1,622,608,612,-1,622,612,620,-1,620,612,614,-1,620,614,618,-1,618,614,616,-1,610,611,613,-1,613,611,623,-1,613,623,615,-1,615,623,621,-1,615,621,617,-1,617,621,619,-1,624,625,626,-1,626,625,627,-1,628,624,629,-1,629,624,626,-1,630,628,631,-1,631,628,629,-1,632,630,633,-1,633,630,631,-1,634,632,635,-1,635,632,633,-1,636,634,637,-1,637,634,635,-1,638,636,639,-1,639,636,637,-1,625,638,627,-1,627,638,639,-1,625,624,638,-1,638,624,628,-1,638,628,636,-1,636,628,630,-1,636,630,634,-1,634,630,632,-1,626,627,629,-1,629,627,639,-1,629,639,631,-1,631,639,637,-1,631,637,633,-1,633,637,635,-1,640,641,642,-1,640,642,643,-1,643,642,644,-1,643,644,645,-1,645,644,646,-1,645,646,647,-1,647,646,648,-1,647,648,649,-1,649,648,650,-1,649,650,651,-1,651,650,652,-1,651,652,653,-1,653,652,654,-1,653,654,655,-1,655,654,656,-1,655,656,657,-1,657,656,658,-1,657,658,659,-1,659,658,660,-1,659,660,661,-1,661,660,662,-1,661,662,663,-1,664,663,665,-1,665,663,662,-1,666,664,667,-1,667,664,665,-1,668,666,669,-1,669,666,667,-1,670,668,671,-1,671,668,669,-1,640,670,641,-1,641,670,671,-1,664,666,663,-1,663,666,668,-1,668,670,663,-1,663,670,640,-1,663,640,643,-1,649,651,663,-1,663,651,653,-1,663,653,655,-1,643,645,663,-1,663,645,647,-1,663,647,649,-1,655,657,663,-1,663,657,659,-1,663,659,661,-1,669,667,665,-1,665,662,669,-1,669,662,641,-1,669,641,671,-1,662,660,658,-1,652,650,662,-1,662,650,648,-1,662,648,646,-1,658,656,662,-1,662,656,654,-1,662,654,652,-1,646,644,662,-1,662,644,642,-1,662,642,641,-1,672,673,674,-1,672,674,675,-1,675,674,676,-1,675,676,677,-1,677,676,678,-1,677,678,679,-1,679,678,680,-1,679,680,681,-1,681,680,682,-1,681,682,683,-1,683,682,684,-1,683,684,685,-1,685,684,686,-1,685,686,687,-1,687,686,688,-1,687,688,689,-1,689,688,690,-1,689,690,691,-1,691,690,692,-1,691,692,693,-1,693,692,694,-1,693,694,695,-1,696,695,697,-1,697,695,694,-1,698,696,699,-1,699,696,697,-1,700,698,701,-1,701,698,699,-1,702,700,703,-1,703,700,701,-1,672,702,673,-1,673,702,703,-1,696,698,695,-1,695,698,700,-1,700,702,695,-1,695,702,672,-1,695,672,675,-1,681,683,695,-1,695,683,685,-1,695,685,687,-1,675,677,695,-1,695,677,679,-1,695,679,681,-1,687,689,695,-1,695,689,691,-1,695,691,693,-1,701,699,697,-1,697,694,701,-1,701,694,673,-1,701,673,703,-1,694,692,690,-1,684,682,694,-1,694,682,680,-1,694,680,678,-1,690,688,694,-1,694,688,686,-1,694,686,684,-1,678,676,694,-1,694,676,674,-1,694,674,673,-1,704,705,706,-1,704,706,707,-1,707,706,708,-1,707,708,709,-1,709,708,710,-1,709,710,711,-1,711,710,712,-1,711,712,713,-1,713,712,714,-1,713,714,715,-1,715,714,716,-1,715,716,717,-1,717,716,718,-1,717,718,719,-1,719,718,720,-1,719,720,721,-1,721,720,722,-1,721,722,723,-1,723,722,724,-1,723,724,725,-1,725,724,726,-1,725,726,727,-1,728,727,729,-1,729,727,726,-1,730,728,731,-1,731,728,729,-1,732,730,733,-1,733,730,731,-1,734,732,735,-1,735,732,733,-1,704,734,705,-1,705,734,735,-1,728,730,727,-1,727,730,732,-1,732,734,727,-1,727,734,704,-1,727,704,707,-1,713,715,727,-1,727,715,717,-1,727,717,719,-1,707,709,727,-1,727,709,711,-1,727,711,713,-1,719,721,727,-1,727,721,723,-1,727,723,725,-1,733,731,729,-1,729,726,733,-1,733,726,705,-1,733,705,735,-1,726,724,722,-1,716,714,726,-1,726,714,712,-1,726,712,710,-1,722,720,726,-1,726,720,718,-1,726,718,716,-1,710,708,726,-1,726,708,706,-1,726,706,705,-1,736,737,738,-1,736,738,739,-1,739,738,740,-1,739,740,741,-1,741,740,742,-1,741,742,743,-1,743,742,744,-1,743,744,745,-1,745,744,746,-1,745,746,747,-1,747,746,748,-1,747,748,749,-1,749,748,750,-1,749,750,751,-1,751,750,752,-1,751,752,753,-1,753,752,754,-1,753,754,755,-1,755,754,756,-1,755,756,757,-1,757,756,758,-1,757,758,759,-1,760,759,761,-1,761,759,758,-1,762,760,763,-1,763,760,761,-1,764,762,765,-1,765,762,763,-1,766,764,767,-1,767,764,765,-1,736,766,737,-1,737,766,767,-1,760,762,759,-1,759,762,764,-1,764,766,759,-1,759,766,736,-1,759,736,739,-1,745,747,759,-1,759,747,749,-1,759,749,751,-1,739,741,759,-1,759,741,743,-1,759,743,745,-1,751,753,759,-1,759,753,755,-1,759,755,757,-1,765,763,761,-1,761,758,765,-1,765,758,737,-1,765,737,767,-1,758,756,754,-1,748,746,758,-1,758,746,744,-1,758,744,742,-1,754,752,758,-1,758,752,750,-1,758,750,748,-1,742,740,758,-1,758,740,738,-1,758,738,737,-1,
        ]
    }
}
Shape{
    appearance Appearance {
        material  Material 	{
            diffuseColor 0.8313725490196079 0.8313725490196079 0.8196078431372549
            specularColor 0.6666666666666666 0.6666666666666666 0.6549019607843137
            ambientIntensity 0.83
            transparency 0.0
            shininess 0.5
        }
    }
    geometry IndexedFaceSet {
        ccw TRUE
        solid FALSE
        coord DEF co Coordinate {
            point [
                4.5709 -0.9547 0.0591, 4.5709 -0.9547 0.0118, 4.575 -0.9542 0.0118, 4.575 -0.9542 0.0591, 4.5787 -0.9526 0.0118, 4.5787 -0.9526 0.0591, 4.582 -0.9501 0.0118, 4.582 -0.9501 0.0591, 4.5845 -0.9468 0.0118, 4.5845 -0.9468 0.0591, 4.5861 -0.943 0.0118, 4.5861 -0.943 0.0591, 4.5866 -0.939 0.0118, 4.5866 -0.939 0.0591, 4.5866 -0.3405 0.0118, 4.5866 -0.3405 0.0591, 4.5861 -0.3365 0.0118, 4.5861 -0.3365 0.0591, 4.5845 -0.3327 0.0118, 4.5845 -0.3327 0.0591, 4.582 -0.3294 0.0118, 4.582 -0.3294 0.0591, 4.5787 -0.3269 0.0118, 4.5787 -0.3269 0.0591, 4.575 -0.3253 0.0118, 4.575 -0.3253 0.0591, 4.5709 -0.3248 0.0118, 4.5709 -0.3248 0.0591, 4.4449 -0.3248 0.0118, 4.4449 -0.3248 0.0591, 4.4408 -0.3253 0.0118, 4.4408 -0.3253 0.0591, 4.437 -0.3269 0.0118, 4.437 -0.3269 0.0591, 4.4338 -0.3294 0.0118, 4.4338 -0.3294 0.0591, 4.4313 -0.3327 0.0118, 4.4313 -0.3327 0.0591, 4.4297 -0.3365 0.0118, 4.4297 -0.3365 0.0591, 4.4291 -0.3405 0.0118, 4.4291 -0.3405 0.0591, 4.4291 -0.624 0.0118, 4.4291 -0.624 0.0591, 4.4286 -0.6281 0.0591, 4.4286 -0.6281 0.0118, 4.427 -0.6319 0.0591, 4.427 -0.6319 0.0118, 4.4245 -0.6351 0.0591, 4.4245 -0.6351 0.0118, 4.4213 -0.6377 0.0591, 4.4213 -0.6377 0.0118, 4.4175 -0.6392 0.0591, 4.4175 -0.6392 0.0118, 4.4134 -0.6398 0.0591, 4.4134 -0.6398 0.0118, 4.311 -0.6398 0.0591, 4.2323 -0.6398 0.7047, 4.311 -0.6398 0.7047, 4.2323 -0.6398 0.0512, 4.2336 -0.6398 0.041, 4.2717 -0.6398 0.0118, 4.2615 -0.6398 0.0132, 4.252 -0.6398 0.0171, 4.2438 -0.6398 0.0233, 4.2376 -0.6398 0.0315, 4.2323 -1.3878 0.0591, 4.2323 -1.3878 0.7047, 4.2323 -0.9547 0.0591, 4.2323 -0.9547 0.0512, 4.311 -0.9547 0.0591, 4.2336 -0.9547 0.041, 4.2376 -0.9547 0.0315, 4.2438 -0.9547 0.0233, 4.252 -0.9547 0.0171, 4.2717 -0.9547 0.0118, 4.2615 -0.9547 0.0132, 4.311 -1.3878 0.0591, 4.311 -1.3878 0.7047
            ]
        }
        coordIndex [
            0,1,2,-1,0,2,3,-1,3,2,4,-1,3,4,5,-1,5,4,6,-1,5,6,7,-1,7,6,8,-1,7,8,9,-1,9,8,10,-1,9,10,11,-1,11,10,12,-1,11,12,13,-1,14,15,12,-1,12,15,13,-1,15,14,16,-1,15,16,17,-1,17,16,18,-1,17,18,19,-1,19,18,20,-1,19,20,21,-1,21,20,22,-1,21,22,23,-1,23,22,24,-1,23,24,25,-1,25,24,26,-1,25,26,27,-1,28,29,26,-1,26,29,27,-1,29,28,30,-1,29,30,31,-1,31,30,32,-1,31,32,33,-1,33,32,34,-1,33,34,35,-1,35,34,36,-1,35,36,37,-1,37,36,38,-1,37,38,39,-1,39,38,40,-1,39,40,41,-1,42,43,40,-1,40,43,41,-1,43,42,44,-1,44,42,45,-1,44,45,46,-1,46,45,47,-1,46,47,48,-1,48,47,49,-1,48,49,50,-1,50,49,51,-1,50,51,52,-1,52,51,53,-1,52,53,54,-1,54,53,55,-1,56,54,55,-1,57,58,59,-1,59,58,56,-1,59,56,60,-1,55,61,56,-1,56,61,62,-1,56,62,63,-1,63,64,56,-1,56,64,65,-1,56,65,60,-1,66,67,68,-1,68,67,57,-1,68,57,69,-1,69,57,59,-1,68,69,70,-1,70,69,71,-1,71,72,70,-1,70,72,73,-1,70,73,74,-1,1,0,75,-1,75,0,70,-1,75,70,76,-1,76,70,74,-1,18,16,14,-1,75,61,1,-1,1,61,55,-1,1,55,53,-1,51,49,12,-1,12,49,47,-1,47,45,12,-1,12,45,42,-1,12,42,14,-1,14,42,40,-1,8,6,53,-1,28,40,38,-1,6,4,53,-1,53,4,2,-1,53,2,1,-1,38,36,28,-1,28,36,34,-1,28,34,30,-1,30,34,32,-1,40,28,14,-1,14,28,26,-1,14,26,24,-1,51,12,53,-1,53,12,10,-1,53,10,8,-1,24,22,14,-1,14,22,20,-1,14,20,18,-1,13,44,46,-1,15,41,13,-1,13,41,43,-1,13,43,44,-1,0,52,70,-1,70,52,54,-1,70,54,56,-1,15,27,41,-1,41,27,29,-1,41,29,39,-1,39,29,37,-1,21,15,19,-1,19,15,17,-1,37,29,35,-1,35,29,31,-1,35,31,33,-1,0,3,52,-1,52,3,5,-1,52,5,7,-1,21,23,15,-1,15,23,25,-1,15,25,27,-1,46,48,13,-1,13,48,50,-1,13,50,11,-1,11,50,52,-1,11,52,9,-1,9,52,7,-1,66,68,77,-1,77,68,70,-1,56,58,70,-1,70,58,78,-1,70,78,77,-1,57,67,58,-1,58,67,78,-1,66,77,67,-1,67,77,78,-1,61,75,76,-1,61,76,62,-1,62,76,74,-1,62,74,63,-1,63,74,73,-1,63,73,64,-1,64,73,72,-1,64,72,65,-1,65,72,71,-1,65,71,60,-1,60,71,69,-1,60,69,59,-1,
        ]
    }
}
Shape{
    appearance Appearance {
        material  Material 	{
            diffuseColor 0.8313725490196079 0.6705882352941176 0.12941176470588237
            specularColor 0.6666666666666666 0.5372549019607843 0.10196078431372549
            ambientIntensity 0.657
            transparency 0.0
            shininess 0.5
        }
    }
    geometry IndexedFaceSet {
        ccw TRUE
        solid FALSE
        coord DEF co Coordinate {
            point [
                -3.0807 -1.2475 0.6496, -3.0216 -1.2475 0.6496, -3.0216 -1.2555 0.6548, -3.0807 -1.2555 0.6548, -3.0216 -1.2621 0.6618, -3.0807 -1.2621 0.6618, -3.0216 -1.2668 0.6702, -3.0807 -1.2668 0.6702, -3.0216 -1.2693 0.6795, -3.0807 -1.2693 0.6795, -3.0216 -1.2695 0.6891, -3.0807 -1.2695 0.6891, -3.0216 -1.2673 0.6985, -3.0807 -1.2673 0.6985, -3.0216 -1.263 0.707, -3.0807 -1.263 0.707, -3.0216 -1.2567 0.7143, -3.0807 -1.2567 0.7143, -3.0216 -1.2488 0.7198, -3.0807 -1.2488 0.7198, -3.0216 -1.2398 0.7232, -3.0807 -1.2398 0.7232, -3.0216 -1.2303 0.7244, -3.0807 -1.2303 0.7244, -3.0807 0.3445 0.7244, -3.0216 0.3445 0.7244, -3.0807 0.3445 0.6457, -3.0216 0.3445 0.6457, -3.0807 -1.1122 0.6457, -3.0216 -1.1122 0.6457, -3.0807 -1.14 0.5975, -3.0216 -1.14 0.5975, -2.8838 -1.2475 0.6496, -2.8248 -1.2475 0.6496, -2.8248 -1.2555 0.6548, -2.8838 -1.2555 0.6548, -2.8248 -1.2621 0.6618, -2.8838 -1.2621 0.6618, -2.8248 -1.2668 0.6702, -2.8838 -1.2668 0.6702, -2.8248 -1.2693 0.6795, -2.8838 -1.2693 0.6795, -2.8248 -1.2695 0.6891, -2.8838 -1.2695 0.6891, -2.8248 -1.2673 0.6985, -2.8838 -1.2673 0.6985, -2.8248 -1.263 0.707, -2.8838 -1.263 0.707, -2.8248 -1.2567 0.7143, -2.8838 -1.2567 0.7143, -2.8248 -1.2488 0.7198, -2.8838 -1.2488 0.7198, -2.8248 -1.2398 0.7232, -2.8838 -1.2398 0.7232, -2.8248 -1.2303 0.7244, -2.8838 -1.2303 0.7244, -2.8838 0.3445 0.7244, -2.8248 0.3445 0.7244, -2.8838 0.3445 0.6457, -2.8248 0.3445 0.6457, -2.8838 -1.1122 0.6457, -2.8248 -1.1122 0.6457, -2.8838 -1.14 0.5975, -2.8248 -1.14 0.5975, -2.687 -1.2475 0.6496, -2.6279 -1.2475 0.6496, -2.6279 -1.2555 0.6548, -2.687 -1.2555 0.6548, -2.6279 -1.2621 0.6618, -2.687 -1.2621 0.6618, -2.6279 -1.2668 0.6702, -2.687 -1.2668 0.6702, -2.6279 -1.2693 0.6795, -2.687 -1.2693 0.6795, -2.6279 -1.2695 0.6891, -2.687 -1.2695 0.6891, -2.6279 -1.2673 0.6985, -2.687 -1.2673 0.6985, -2.6279 -1.263 0.707, -2.687 -1.263 0.707, -2.6279 -1.2567 0.7143, -2.687 -1.2567 0.7143, -2.6279 -1.2488 0.7198, -2.687 -1.2488 0.7198, -2.6279 -1.2398 0.7232, -2.687 -1.2398 0.7232, -2.6279 -1.2303 0.7244, -2.687 -1.2303 0.7244, -2.687 0.3445 0.7244, -2.6279 0.3445 0.7244, -2.687 0.3445 0.6457, -2.6279 0.3445 0.6457, -2.687 -1.1122 0.6457, -2.6279 -1.1122 0.6457, -2.687 -1.14 0.5975, -2.6279 -1.14 0.5975, -2.4901 -1.2475 0.6496, -2.4311 -1.2475 0.6496, -2.4311 -1.2555 0.6548, -2.4901 -1.2555 0.6548, -2.4311 -1.2621 0.6618, -2.4901 -1.2621 0.6618, -2.4311 -1.2668 0.6702, -2.4901 -1.2668 0.6702, -2.4311 -1.2693 0.6795, -2.4901 -1.2693 0.6795, -2.4311 -1.2695 0.6891, -2.4901 -1.2695 0.6891, -2.4311 -1.2673 0.6985, -2.4901 -1.2673 0.6985, -2.4311 -1.263 0.707, -2.4901 -1.263 0.707, -2.4311 -1.2567 0.7143, -2.4901 -1.2567 0.7143, -2.4311 -1.2488 0.7198, -2.4901 -1.2488 0.7198, -2.4311 -1.2398 0.7232, -2.4901 -1.2398 0.7232, -2.4311 -1.2303 0.7244, -2.4901 -1.2303 0.7244, -2.4901 0.3445 0.7244, -2.4311 0.3445 0.7244, -2.4901 0.3445 0.6457, -2.4311 0.3445 0.6457, -2.4901 -1.1122 0.6457, -2.4311 -1.1122 0.6457, -2.4901 -1.14 0.5975, -2.4311 -1.14 0.5975, -2.2933 -1.2475 0.6496, -2.2342 -1.2475 0.6496, -2.2342 -1.2555 0.6548, -2.2933 -1.2555 0.6548, -2.2342 -1.2621 0.6618, -2.2933 -1.2621 0.6618, -2.2342 -1.2668 0.6702, -2.2933 -1.2668 0.6702, -2.2342 -1.2693 0.6795, -2.2933 -1.2693 0.6795, -2.2342 -1.2695 0.6891, -2.2933 -1.2695 0.6891, -2.2342 -1.2673 0.6985, -2.2933 -1.2673 0.6985, -2.2342 -1.263 0.707, -2.2933 -1.263 0.707, -2.2342 -1.2567 0.7143, -2.2933 -1.2567 0.7143, -2.2342 -1.2488 0.7198, -2.2933 -1.2488 0.7198, -2.2342 -1.2398 0.7232, -2.2933 -1.2398 0.7232, -2.2342 -1.2303 0.7244, -2.2933 -1.2303 0.7244, -2.2933 0.3445 0.7244, -2.2342 0.3445 0.7244, -2.2933 0.3445 0.6457, -2.2342 0.3445 0.6457, -2.2933 -1.1122 0.6457, -2.2342 -1.1122 0.6457, -2.2933 -1.14 0.5975, -2.2342 -1.14 0.5975, -2.0964 -1.2475 0.6496, -2.0374 -1.2475 0.6496, -2.0374 -1.2555 0.6548, -2.0964 -1.2555 0.6548, -2.0374 -1.2621 0.6618, -2.0964 -1.2621 0.6618, -2.0374 -1.2668 0.6702, -2.0964 -1.2668 0.6702, -2.0374 -1.2693 0.6795, -2.0964 -1.2693 0.6795, -2.0374 -1.2695 0.6891, -2.0964 -1.2695 0.6891, -2.0374 -1.2673 0.6985, -2.0964 -1.2673 0.6985, -2.0374 -1.263 0.707, -2.0964 -1.263 0.707, -2.0374 -1.2567 0.7143, -2.0964 -1.2567 0.7143, -2.0374 -1.2488 0.7198, -2.0964 -1.2488 0.7198, -2.0374 -1.2398 0.7232, -2.0964 -1.2398 0.7232, -2.0374 -1.2303 0.7244, -2.0964 -1.2303 0.7244, -2.0964 0.3445 0.7244, -2.0374 0.3445 0.7244, -2.0964 0.3445 0.6457, -2.0374 0.3445 0.6457, -2.0964 -1.1122 0.6457, -2.0374 -1.1122 0.6457, -2.0964 -1.14 0.5975, -2.0374 -1.14 0.5975, -1.8996 -1.2475 0.6496, -1.8405 -1.2475 0.6496, -1.8405 -1.2555 0.6548, -1.8996 -1.2555 0.6548, -1.8405 -1.2621 0.6618, -1.8996 -1.2621 0.6618, -1.8405 -1.2668 0.6702, -1.8996 -1.2668 0.6702, -1.8405 -1.2693 0.6795, -1.8996 -1.2693 0.6795, -1.8405 -1.2695 0.6891, -1.8996 -1.2695 0.6891, -1.8405 -1.2673 0.6985, -1.8996 -1.2673 0.6985, -1.8405 -1.263 0.707, -1.8996 -1.263 0.707, -1.8405 -1.2567 0.7143, -1.8996 -1.2567 0.7143, -1.8405 -1.2488 0.7198, -1.8996 -1.2488 0.7198, -1.8405 -1.2398 0.7232, -1.8996 -1.2398 0.7232, -1.8405 -1.2303 0.7244, -1.8996 -1.2303 0.7244, -1.8996 0.3445 0.7244, -1.8405 0.3445 0.7244, -1.8996 0.3445 0.6457, -1.8405 0.3445 0.6457, -1.8996 -1.1122 0.6457, -1.8405 -1.1122 0.6457, -1.8996 -1.14 0.5975, -1.8405 -1.14 0.5975, -1.7027 -1.2475 0.6496, -1.6437 -1.2475 0.6496, -1.6437 -1.2555 0.6548, -1.7027 -1.2555 0.6548, -1.6437 -1.2621 0.6618, -1.7027 -1.2621 0.6618, -1.6437 -1.2668 0.6702, -1.7027 -1.2668 0.6702, -1.6437 -1.2693 0.6795, -1.7027 -1.2693 0.6795, -1.6437 -1.2695 0.6891, -1.7027 -1.2695 0.6891, -1.6437 -1.2673 0.6985, -1.7027 -1.2673 0.6985, -1.6437 -1.263 0.707, -1.7027 -1.263 0.707, -1.6437 -1.2567 0.7143, -1.7027 -1.2567 0.7143, -1.6437 -1.2488 0.7198, -1.7027 -1.2488 0.7198, -1.6437 -1.2398 0.7232, -1.7027 -1.2398 0.7232, -1.6437 -1.2303 0.7244, -1.7027 -1.2303 0.7244, -1.7027 0.3445 0.7244, -1.6437 0.3445 0.7244, -1.7027 0.3445 0.6457, -1.6437 0.3445 0.6457, -1.7027 -1.1122 0.6457, -1.6437 -1.1122 0.6457, -1.7027 -1.14 0.5975, -1.6437 -1.14 0.5975, -1.5059 -1.2475 0.6496, -1.4468 -1.2475 0.6496, -1.4468 -1.2555 0.6548, -1.5059 -1.2555 0.6548, -1.4468 -1.2621 0.6618, -1.5059 -1.2621 0.6618, -1.4468 -1.2668 0.6702, -1.5059 -1.2668 0.6702, -1.4468 -1.2693 0.6795, -1.5059 -1.2693 0.6795, -1.4468 -1.2695 0.6891, -1.5059 -1.2695 0.6891, -1.4468 -1.2673 0.6985, -1.5059 -1.2673 0.6985, -1.4468 -1.263 0.707, -1.5059 -1.263 0.707, -1.4468 -1.2567 0.7143, -1.5059 -1.2567 0.7143, -1.4468 -1.2488 0.7198, -1.5059 -1.2488 0.7198, -1.4468 -1.2398 0.7232, -1.5059 -1.2398 0.7232, -1.4468 -1.2303 0.7244, -1.5059 -1.2303 0.7244, -1.5059 0.3445 0.7244, -1.4468 0.3445 0.7244, -1.5059 0.3445 0.6457, -1.4468 0.3445 0.6457, -1.5059 -1.1122 0.6457, -1.4468 -1.1122 0.6457, -1.5059 -1.14 0.5975, -1.4468 -1.14 0.5975, -1.309 -1.2475 0.6496, -1.25 -1.2475 0.6496, -1.25 -1.2555 0.6548, -1.309 -1.2555 0.6548, -1.25 -1.2621 0.6618, -1.309 -1.2621 0.6618, -1.25 -1.2668 0.6702, -1.309 -1.2668 0.6702, -1.25 -1.2693 0.6795, -1.309 -1.2693 0.6795, -1.25 -1.2695 0.6891, -1.309 -1.2695 0.6891, -1.25 -1.2673 0.6985, -1.309 -1.2673 0.6985, -1.25 -1.263 0.707, -1.309 -1.263 0.707, -1.25 -1.2567 0.7143, -1.309 -1.2567 0.7143, -1.25 -1.2488 0.7198, -1.309 -1.2488 0.7198, -1.25 -1.2398 0.7232, -1.309 -1.2398 0.7232, -1.25 -1.2303 0.7244, -1.309 -1.2303 0.7244, -1.309 0.3445 0.7244, -1.25 0.3445 0.7244, -1.309 0.3445 0.6457, -1.25 0.3445 0.6457, -1.309 -1.1122 0.6457, -1.25 -1.1122 0.6457, -1.309 -1.14 0.5975, -1.25 -1.14 0.5975, -1.1122 -1.2475 0.6496, -1.0531 -1.2475 0.6496, -1.0531 -1.2555 0.6548, -1.1122 -1.2555 0.6548, -1.0531 -1.2621 0.6618, -1.1122 -1.2621 0.6618, -1.0531 -1.2668 0.6702, -1.1122 -1.2668 0.6702, -1.0531 -1.2693 0.6795, -1.1122 -1.2693 0.6795, -1.0531 -1.2695 0.6891, -1.1122 -1.2695 0.6891, -1.0531 -1.2673 0.6985, -1.1122 -1.2673 0.6985, -1.0531 -1.263 0.707, -1.1122 -1.263 0.707, -1.0531 -1.2567 0.7143, -1.1122 -1.2567 0.7143, -1.0531 -1.2488 0.7198, -1.1122 -1.2488 0.7198, -1.0531 -1.2398 0.7232, -1.1122 -1.2398 0.7232, -1.0531 -1.2303 0.7244, -1.1122 -1.2303 0.7244, -1.1122 0.3445 0.7244, -1.0531 0.3445 0.7244, -1.1122 0.3445 0.6457, -1.0531 0.3445 0.6457, -1.1122 -1.1122 0.6457, -1.0531 -1.1122 0.6457, -1.1122 -1.14 0.5975, -1.0531 -1.14 0.5975, -0.9153 -1.2475 0.6496, -0.8563 -1.2475 0.6496, -0.8563 -1.2555 0.6548, -0.9153 -1.2555 0.6548, -0.8563 -1.2621 0.6618, -0.9153 -1.2621 0.6618, -0.8563 -1.2668 0.6702, -0.9153 -1.2668 0.6702, -0.8563 -1.2693 0.6795, -0.9153 -1.2693 0.6795, -0.8563 -1.2695 0.6891, -0.9153 -1.2695 0.6891, -0.8563 -1.2673 0.6985, -0.9153 -1.2673 0.6985, -0.8563 -1.263 0.707, -0.9153 -1.263 0.707, -0.8563 -1.2567 0.7143, -0.9153 -1.2567 0.7143, -0.8563 -1.2488 0.7198, -0.9153 -1.2488 0.7198, -0.8563 -1.2398 0.7232, -0.9153 -1.2398 0.7232, -0.8563 -1.2303 0.7244, -0.9153 -1.2303 0.7244, -0.9153 0.3445 0.7244, -0.8563 0.3445 0.7244, -0.9153 0.3445 0.6457, -0.8563 0.3445 0.6457, -0.9153 -1.1122 0.6457, -0.8563 -1.1122 0.6457, -0.9153 -1.14 0.5975, -0.8563 -1.14 0.5975, -0.7185 -1.2475 0.6496, -0.6594 -1.2475 0.6496, -0.6594 -1.2555 0.6548, -0.7185 -1.2555 0.6548, -0.6594 -1.2621 0.6618, -0.7185 -1.2621 0.6618, -0.6594 -1.2668 0.6702, -0.7185 -1.2668 0.6702, -0.6594 -1.2693 0.6795, -0.7185 -1.2693 0.6795, -0.6594 -1.2695 0.6891, -0.7185 -1.2695 0.6891, -0.6594 -1.2673 0.6985, -0.7185 -1.2673 0.6985, -0.6594 -1.263 0.707, -0.7185 -1.263 0.707, -0.6594 -1.2567 0.7143, -0.7185 -1.2567 0.7143, -0.6594 -1.2488 0.7198, -0.7185 -1.2488 0.7198, -0.6594 -1.2398 0.7232, -0.7185 -1.2398 0.7232, -0.6594 -1.2303 0.7244, -0.7185 -1.2303 0.7244, -0.7185 0.3445 0.7244, -0.6594 0.3445 0.7244, -0.7185 0.3445 0.6457, -0.6594 0.3445 0.6457, -0.7185 -1.1122 0.6457, -0.6594 -1.1122 0.6457, -0.7185 -1.14 0.5975, -0.6594 -1.14 0.5975, -0.5216 -1.2475 0.6496, -0.4626 -1.2475 0.6496, -0.4626 -1.2555 0.6548, -0.5216 -1.2555 0.6548, -0.4626 -1.2621 0.6618, -0.5216 -1.2621 0.6618, -0.4626 -1.2668 0.6702, -0.5216 -1.2668 0.6702, -0.4626 -1.2693 0.6795, -0.5216 -1.2693 0.6795, -0.4626 -1.2695 0.6891, -0.5216 -1.2695 0.6891, -0.4626 -1.2673 0.6985, -0.5216 -1.2673 0.6985, -0.4626 -1.263 0.707, -0.5216 -1.263 0.707, -0.4626 -1.2567 0.7143, -0.5216 -1.2567 0.7143, -0.4626 -1.2488 0.7198, -0.5216 -1.2488 0.7198, -0.4626 -1.2398 0.7232, -0.5216 -1.2398 0.7232, -0.4626 -1.2303 0.7244, -0.5216 -1.2303 0.7244, -0.5216 0.3445 0.7244, -0.4626 0.3445 0.7244, -0.5216 0.3445 0.6457, -0.4626 0.3445 0.6457, -0.5216 -1.1122 0.6457, -0.4626 -1.1122 0.6457, -0.5216 -1.14 0.5975, -0.4626 -1.14 0.5975, -0.3248 -1.2475 0.6496, -0.2657 -1.2475 0.6496, -0.2657 -1.2555 0.6548, -0.3248 -1.2555 0.6548, -0.2657 -1.2621 0.6618, -0.3248 -1.2621 0.6618, -0.2657 -1.2668 0.6702, -0.3248 -1.2668 0.6702, -0.2657 -1.2693 0.6795, -0.3248 -1.2693 0.6795, -0.2657 -1.2695 0.6891, -0.3248 -1.2695 0.6891, -0.2657 -1.2673 0.6985, -0.3248 -1.2673 0.6985, -0.2657 -1.263 0.707, -0.3248 -1.263 0.707, -0.2657 -1.2567 0.7143, -0.3248 -1.2567 0.7143, -0.2657 -1.2488 0.7198, -0.3248 -1.2488 0.7198, -0.2657 -1.2398 0.7232, -0.3248 -1.2398 0.7232, -0.2657 -1.2303 0.7244, -0.3248 -1.2303 0.7244, -0.3248 0.3445 0.7244, -0.2657 0.3445 0.7244, -0.3248 0.3445 0.6457, -0.2657 0.3445 0.6457, -0.3248 -1.1122 0.6457, -0.2657 -1.1122 0.6457, -0.3248 -1.14 0.5975, -0.2657 -1.14 0.5975, -0.1279 -1.2475 0.6496, -0.0689 -1.2475 0.6496, -0.0689 -1.2555 0.6548, -0.1279 -1.2555 0.6548, -0.0689 -1.2621 0.6618, -0.1279 -1.2621 0.6618, -0.0689 -1.2668 0.6702, -0.1279 -1.2668 0.6702, -0.0689 -1.2693 0.6795, -0.1279 -1.2693 0.6795, -0.0689 -1.2695 0.6891, -0.1279 -1.2695 0.6891, -0.0689 -1.2673 0.6985, -0.1279 -1.2673 0.6985, -0.0689 -1.263 0.707, -0.1279 -1.263 0.707, -0.0689 -1.2567 0.7143, -0.1279 -1.2567 0.7143, -0.0689 -1.2488 0.7198, -0.1279 -1.2488 0.7198, -0.0689 -1.2398 0.7232, -0.1279 -1.2398 0.7232, -0.0689 -1.2303 0.7244, -0.1279 -1.2303 0.7244, -0.1279 0.3445 0.7244, -0.0689 0.3445 0.7244, -0.1279 0.3445 0.6457, -0.0689 0.3445 0.6457, -0.1279 -1.1122 0.6457, -0.0689 -1.1122 0.6457, -0.1279 -1.14 0.5975, -0.0689 -1.14 0.5975, 0.0689 -1.2475 0.6496, 0.128 -1.2475 0.6496, 0.128 -1.2555 0.6548, 0.0689 -1.2555 0.6548, 0.128 -1.2621 0.6618, 0.0689 -1.2621 0.6618, 0.128 -1.2668 0.6702, 0.0689 -1.2668 0.6702, 0.128 -1.2693 0.6795, 0.0689 -1.2693 0.6795, 0.128 -1.2695 0.6891, 0.0689 -1.2695 0.6891, 0.128 -1.2673 0.6985, 0.0689 -1.2673 0.6985, 0.128 -1.263 0.707, 0.0689 -1.263 0.707, 0.128 -1.2567 0.7143, 0.0689 -1.2567 0.7143, 0.128 -1.2488 0.7198, 0.0689 -1.2488 0.7198, 0.128 -1.2398 0.7232, 0.0689 -1.2398 0.7232, 0.128 -1.2303 0.7244, 0.0689 -1.2303 0.7244, 0.0689 0.3445 0.7244, 0.128 0.3445 0.7244, 0.0689 0.3445 0.6457, 0.128 0.3445 0.6457, 0.0689 -1.1122 0.6457, 0.128 -1.1122 0.6457, 0.0689 -1.14 0.5975, 0.128 -1.14 0.5975, 0.2658 -1.2475 0.6496, 0.3248 -1.2475 0.6496, 0.3248 -1.2555 0.6548, 0.2658 -1.2555 0.6548, 0.3248 -1.2621 0.6618, 0.2658 -1.2621 0.6618, 0.3248 -1.2668 0.6702, 0.2658 -1.2668 0.6702, 0.3248 -1.2693 0.6795, 0.2658 -1.2693 0.6795, 0.3248 -1.2695 0.6891, 0.2658 -1.2695 0.6891, 0.3248 -1.2673 0.6985, 0.2658 -1.2673 0.6985, 0.3248 -1.263 0.707, 0.2658 -1.263 0.707, 0.3248 -1.2567 0.7143, 0.2658 -1.2567 0.7143, 0.3248 -1.2488 0.7198, 0.2658 -1.2488 0.7198, 0.3248 -1.2398 0.7232, 0.2658 -1.2398 0.7232, 0.3248 -1.2303 0.7244, 0.2658 -1.2303 0.7244, 0.2658 0.3445 0.7244, 0.3248 0.3445 0.7244, 0.2658 0.3445 0.6457, 0.3248 0.3445 0.6457, 0.2658 -1.1122 0.6457, 0.3248 -1.1122 0.6457, 0.2658 -1.14 0.5975, 0.3248 -1.14 0.5975, 0.4626 -1.2475 0.6496, 0.5217 -1.2475 0.6496, 0.5217 -1.2555 0.6548, 0.4626 -1.2555 0.6548, 0.5217 -1.2621 0.6618, 0.4626 -1.2621 0.6618, 0.5217 -1.2668 0.6702, 0.4626 -1.2668 0.6702, 0.5217 -1.2693 0.6795, 0.4626 -1.2693 0.6795, 0.5217 -1.2695 0.6891, 0.4626 -1.2695 0.6891, 0.5217 -1.2673 0.6985, 0.4626 -1.2673 0.6985, 0.5217 -1.263 0.707, 0.4626 -1.263 0.707, 0.5217 -1.2567 0.7143, 0.4626 -1.2567 0.7143, 0.5217 -1.2488 0.7198, 0.4626 -1.2488 0.7198, 0.5217 -1.2398 0.7232, 0.4626 -1.2398 0.7232, 0.5217 -1.2303 0.7244, 0.4626 -1.2303 0.7244, 0.4626 0.3445 0.7244, 0.5217 0.3445 0.7244, 0.4626 0.3445 0.6457, 0.5217 0.3445 0.6457, 0.4626 -1.1122 0.6457, 0.5217 -1.1122 0.6457, 0.4626 -1.14 0.5975, 0.5217 -1.14 0.5975, 0.6595 -1.2475 0.6496, 0.7185 -1.2475 0.6496, 0.7185 -1.2555 0.6548, 0.6595 -1.2555 0.6548, 0.7185 -1.2621 0.6618, 0.6595 -1.2621 0.6618, 0.7185 -1.2668 0.6702, 0.6595 -1.2668 0.6702, 0.7185 -1.2693 0.6795, 0.6595 -1.2693 0.6795, 0.7185 -1.2695 0.6891, 0.6595 -1.2695 0.6891, 0.7185 -1.2673 0.6985, 0.6595 -1.2673 0.6985, 0.7185 -1.263 0.707, 0.6595 -1.263 0.707, 0.7185 -1.2567 0.7143, 0.6595 -1.2567 0.7143, 0.7185 -1.2488 0.7198, 0.6595 -1.2488 0.7198, 0.7185 -1.2398 0.7232, 0.6595 -1.2398 0.7232, 0.7185 -1.2303 0.7244, 0.6595 -1.2303 0.7244, 0.6595 0.3445 0.7244, 0.7185 0.3445 0.7244, 0.6595 0.3445 0.6457, 0.7185 0.3445 0.6457, 0.6595 -1.1122 0.6457, 0.7185 -1.1122 0.6457, 0.6595 -1.14 0.5975, 0.7185 -1.14 0.5975, 0.8563 -1.2475 0.6496, 0.9154 -1.2475 0.6496, 0.9154 -1.2555 0.6548, 0.8563 -1.2555 0.6548, 0.9154 -1.2621 0.6618, 0.8563 -1.2621 0.6618, 0.9154 -1.2668 0.6702, 0.8563 -1.2668 0.6702, 0.9154 -1.2693 0.6795, 0.8563 -1.2693 0.6795, 0.9154 -1.2695 0.6891, 0.8563 -1.2695 0.6891, 0.9154 -1.2673 0.6985, 0.8563 -1.2673 0.6985, 0.9154 -1.263 0.707, 0.8563 -1.263 0.707, 0.9154 -1.2567 0.7143, 0.8563 -1.2567 0.7143, 0.9154 -1.2488 0.7198, 0.8563 -1.2488 0.7198, 0.9154 -1.2398 0.7232, 0.8563 -1.2398 0.7232, 0.9154 -1.2303 0.7244, 0.8563 -1.2303 0.7244, 0.8563 0.3445 0.7244, 0.9154 0.3445 0.7244, 0.8563 0.3445 0.6457, 0.9154 0.3445 0.6457, 0.8563 -1.1122 0.6457, 0.9154 -1.1122 0.6457, 0.8563 -1.14 0.5975, 0.9154 -1.14 0.5975, 1.0532 -1.2475 0.6496, 1.1122 -1.2475 0.6496, 1.1122 -1.2555 0.6548, 1.0532 -1.2555 0.6548, 1.1122 -1.2621 0.6618, 1.0532 -1.2621 0.6618, 1.1122 -1.2668 0.6702, 1.0532 -1.2668 0.6702, 1.1122 -1.2693 0.6795, 1.0532 -1.2693 0.6795, 1.1122 -1.2695 0.6891, 1.0532 -1.2695 0.6891, 1.1122 -1.2673 0.6985, 1.0532 -1.2673 0.6985, 1.1122 -1.263 0.707, 1.0532 -1.263 0.707, 1.1122 -1.2567 0.7143, 1.0532 -1.2567 0.7143, 1.1122 -1.2488 0.7198, 1.0532 -1.2488 0.7198, 1.1122 -1.2398 0.7232, 1.0532 -1.2398 0.7232, 1.1122 -1.2303 0.7244, 1.0532 -1.2303 0.7244, 1.0532 0.3445 0.7244, 1.1122 0.3445 0.7244, 1.0532 0.3445 0.6457, 1.1122 0.3445 0.6457, 1.0532 -1.1122 0.6457, 1.1122 -1.1122 0.6457, 1.0532 -1.14 0.5975, 1.1122 -1.14 0.5975, 1.25 -1.2475 0.6496, 1.3091 -1.2475 0.6496, 1.3091 -1.2555 0.6548, 1.25 -1.2555 0.6548, 1.3091 -1.2621 0.6618, 1.25 -1.2621 0.6618, 1.3091 -1.2668 0.6702, 1.25 -1.2668 0.6702, 1.3091 -1.2693 0.6795, 1.25 -1.2693 0.6795, 1.3091 -1.2695 0.6891, 1.25 -1.2695 0.6891, 1.3091 -1.2673 0.6985, 1.25 -1.2673 0.6985, 1.3091 -1.263 0.707, 1.25 -1.263 0.707, 1.3091 -1.2567 0.7143, 1.25 -1.2567 0.7143, 1.3091 -1.2488 0.7198, 1.25 -1.2488 0.7198, 1.3091 -1.2398 0.7232, 1.25 -1.2398 0.7232, 1.3091 -1.2303 0.7244, 1.25 -1.2303 0.7244, 1.25 0.3445 0.7244, 1.3091 0.3445 0.7244, 1.25 0.3445 0.6457, 1.3091 0.3445 0.6457, 1.25 -1.1122 0.6457, 1.3091 -1.1122 0.6457, 1.25 -1.14 0.5975, 1.3091 -1.14 0.5975, 1.4469 -1.2475 0.6496, 1.5059 -1.2475 0.6496, 1.5059 -1.2555 0.6548, 1.4469 -1.2555 0.6548, 1.5059 -1.2621 0.6618, 1.4469 -1.2621 0.6618, 1.5059 -1.2668 0.6702, 1.4469 -1.2668 0.6702, 1.5059 -1.2693 0.6795, 1.4469 -1.2693 0.6795, 1.5059 -1.2695 0.6891, 1.4469 -1.2695 0.6891, 1.5059 -1.2673 0.6985, 1.4469 -1.2673 0.6985, 1.5059 -1.263 0.707, 1.4469 -1.263 0.707, 1.5059 -1.2567 0.7143, 1.4469 -1.2567 0.7143, 1.5059 -1.2488 0.7198, 1.4469 -1.2488 0.7198, 1.5059 -1.2398 0.7232, 1.4469 -1.2398 0.7232, 1.5059 -1.2303 0.7244, 1.4469 -1.2303 0.7244, 1.4469 0.3445 0.7244, 1.5059 0.3445 0.7244, 1.4469 0.3445 0.6457, 1.5059 0.3445 0.6457, 1.4469 -1.1122 0.6457, 1.5059 -1.1122 0.6457, 1.4469 -1.14 0.5975, 1.5059 -1.14 0.5975, 1.6437 -1.2475 0.6496, 1.7028 -1.2475 0.6496, 1.7028 -1.2555 0.6548, 1.6437 -1.2555 0.6548, 1.7028 -1.2621 0.6618, 1.6437 -1.2621 0.6618, 1.7028 -1.2668 0.6702, 1.6437 -1.2668 0.6702, 1.7028 -1.2693 0.6795, 1.6437 -1.2693 0.6795, 1.7028 -1.2695 0.6891, 1.6437 -1.2695 0.6891, 1.7028 -1.2673 0.6985, 1.6437 -1.2673 0.6985, 1.7028 -1.263 0.707, 1.6437 -1.263 0.707, 1.7028 -1.2567 0.7143, 1.6437 -1.2567 0.7143, 1.7028 -1.2488 0.7198, 1.6437 -1.2488 0.7198, 1.7028 -1.2398 0.7232, 1.6437 -1.2398 0.7232, 1.7028 -1.2303 0.7244, 1.6437 -1.2303 0.7244, 1.6437 0.3445 0.7244, 1.7028 0.3445 0.7244, 1.6437 0.3445 0.6457, 1.7028 0.3445 0.6457, 1.6437 -1.1122 0.6457, 1.7028 -1.1122 0.6457, 1.6437 -1.14 0.5975, 1.7028 -1.14 0.5975, 1.8406 -1.2475 0.6496, 1.8996 -1.2475 0.6496, 1.8996 -1.2555 0.6548, 1.8406 -1.2555 0.6548, 1.8996 -1.2621 0.6618, 1.8406 -1.2621 0.6618, 1.8996 -1.2668 0.6702, 1.8406 -1.2668 0.6702, 1.8996 -1.2693 0.6795, 1.8406 -1.2693 0.6795, 1.8996 -1.2695 0.6891, 1.8406 -1.2695 0.6891, 1.8996 -1.2673 0.6985, 1.8406 -1.2673 0.6985, 1.8996 -1.263 0.707, 1.8406 -1.263 0.707, 1.8996 -1.2567 0.7143, 1.8406 -1.2567 0.7143, 1.8996 -1.2488 0.7198, 1.8406 -1.2488 0.7198, 1.8996 -1.2398 0.7232, 1.8406 -1.2398 0.7232, 1.8996 -1.2303 0.7244, 1.8406 -1.2303 0.7244, 1.8406 0.3445 0.7244, 1.8996 0.3445 0.7244, 1.8406 0.3445 0.6457, 1.8996 0.3445 0.6457, 1.8406 -1.1122 0.6457, 1.8996 -1.1122 0.6457, 1.8406 -1.14 0.5975, 1.8996 -1.14 0.5975, 2.0374 -1.2475 0.6496, 2.0965 -1.2475 0.6496, 2.0965 -1.2555 0.6548, 2.0374 -1.2555 0.6548, 2.0965 -1.2621 0.6618, 2.0374 -1.2621 0.6618, 2.0965 -1.2668 0.6702, 2.0374 -1.2668 0.6702, 2.0965 -1.2693 0.6795, 2.0374 -1.2693 0.6795, 2.0965 -1.2695 0.6891, 2.0374 -1.2695 0.6891, 2.0965 -1.2673 0.6985, 2.0374 -1.2673 0.6985, 2.0965 -1.263 0.707, 2.0374 -1.263 0.707, 2.0965 -1.2567 0.7143, 2.0374 -1.2567 0.7143, 2.0965 -1.2488 0.7198, 2.0374 -1.2488 0.7198, 2.0965 -1.2398 0.7232, 2.0374 -1.2398 0.7232, 2.0965 -1.2303 0.7244, 2.0374 -1.2303 0.7244, 2.0374 0.3445 0.7244, 2.0965 0.3445 0.7244, 2.0374 0.3445 0.6457, 2.0965 0.3445 0.6457, 2.0374 -1.1122 0.6457, 2.0965 -1.1122 0.6457, 2.0374 -1.14 0.5975, 2.0965 -1.14 0.5975, 2.2343 -1.2475 0.6496, 2.2933 -1.2475 0.6496, 2.2933 -1.2555 0.6548, 2.2343 -1.2555 0.6548, 2.2933 -1.2621 0.6618, 2.2343 -1.2621 0.6618, 2.2933 -1.2668 0.6702, 2.2343 -1.2668 0.6702, 2.2933 -1.2693 0.6795, 2.2343 -1.2693 0.6795, 2.2933 -1.2695 0.6891, 2.2343 -1.2695 0.6891, 2.2933 -1.2673 0.6985, 2.2343 -1.2673 0.6985, 2.2933 -1.263 0.707, 2.2343 -1.263 0.707, 2.2933 -1.2567 0.7143, 2.2343 -1.2567 0.7143, 2.2933 -1.2488 0.7198, 2.2343 -1.2488 0.7198, 2.2933 -1.2398 0.7232, 2.2343 -1.2398 0.7232, 2.2933 -1.2303 0.7244, 2.2343 -1.2303 0.7244, 2.2343 0.3445 0.7244, 2.2933 0.3445 0.7244, 2.2343 0.3445 0.6457, 2.2933 0.3445 0.6457, 2.2343 -1.1122 0.6457, 2.2933 -1.1122 0.6457, 2.2343 -1.14 0.5975, 2.2933 -1.14 0.5975, 2.4311 -1.2475 0.6496, 2.4902 -1.2475 0.6496, 2.4902 -1.2555 0.6548, 2.4311 -1.2555 0.6548, 2.4902 -1.2621 0.6618, 2.4311 -1.2621 0.6618, 2.4902 -1.2668 0.6702, 2.4311 -1.2668 0.6702, 2.4902 -1.2693 0.6795, 2.4311 -1.2693 0.6795, 2.4902 -1.2695 0.6891, 2.4311 -1.2695 0.6891, 2.4902 -1.2673 0.6985, 2.4311 -1.2673 0.6985, 2.4902 -1.263 0.707, 2.4311 -1.263 0.707, 2.4902 -1.2567 0.7143, 2.4311 -1.2567 0.7143, 2.4902 -1.2488 0.7198, 2.4311 -1.2488 0.7198, 2.4902 -1.2398 0.7232, 2.4311 -1.2398 0.7232, 2.4902 -1.2303 0.7244, 2.4311 -1.2303 0.7244, 2.4311 0.3445 0.7244, 2.4902 0.3445 0.7244, 2.4311 0.3445 0.6457, 2.4902 0.3445 0.6457, 2.4311 -1.1122 0.6457, 2.4902 -1.1122 0.6457, 2.4311 -1.14 0.5975, 2.4902 -1.14 0.5975, 2.628 -1.2475 0.6496, 2.687 -1.2475 0.6496, 2.687 -1.2555 0.6548, 2.628 -1.2555 0.6548, 2.687 -1.2621 0.6618, 2.628 -1.2621 0.6618, 2.687 -1.2668 0.6702, 2.628 -1.2668 0.6702, 2.687 -1.2693 0.6795, 2.628 -1.2693 0.6795, 2.687 -1.2695 0.6891, 2.628 -1.2695 0.6891, 2.687 -1.2673 0.6985, 2.628 -1.2673 0.6985, 2.687 -1.263 0.707, 2.628 -1.263 0.707, 2.687 -1.2567 0.7143, 2.628 -1.2567 0.7143, 2.687 -1.2488 0.7198, 2.628 -1.2488 0.7198, 2.687 -1.2398 0.7232, 2.628 -1.2398 0.7232, 2.687 -1.2303 0.7244, 2.628 -1.2303 0.7244, 2.628 0.3445 0.7244, 2.687 0.3445 0.7244, 2.628 0.3445 0.6457, 2.687 0.3445 0.6457, 2.628 -1.1122 0.6457, 2.687 -1.1122 0.6457, 2.628 -1.14 0.5975, 2.687 -1.14 0.5975, 2.8248 -1.2475 0.6496, 2.8839 -1.2475 0.6496, 2.8839 -1.2555 0.6548, 2.8248 -1.2555 0.6548, 2.8839 -1.2621 0.6618, 2.8248 -1.2621 0.6618, 2.8839 -1.2668 0.6702, 2.8248 -1.2668 0.6702, 2.8839 -1.2693 0.6795, 2.8248 -1.2693 0.6795, 2.8839 -1.2695 0.6891, 2.8248 -1.2695 0.6891, 2.8839 -1.2673 0.6985, 2.8248 -1.2673 0.6985, 2.8839 -1.263 0.707, 2.8248 -1.263 0.707, 2.8839 -1.2567 0.7143, 2.8248 -1.2567 0.7143, 2.8839 -1.2488 0.7198, 2.8248 -1.2488 0.7198, 2.8839 -1.2398 0.7232, 2.8248 -1.2398 0.7232, 2.8839 -1.2303 0.7244, 2.8248 -1.2303 0.7244, 2.8248 0.3445 0.7244, 2.8839 0.3445 0.7244, 2.8248 0.3445 0.6457, 2.8839 0.3445 0.6457, 2.8248 -1.1122 0.6457, 2.8839 -1.1122 0.6457, 2.8248 -1.14 0.5975, 2.8839 -1.14 0.5975, 3.0217 -1.2475 0.6496, 3.0807 -1.2475 0.6496, 3.0807 -1.2555 0.6548, 3.0217 -1.2555 0.6548, 3.0807 -1.2621 0.6618, 3.0217 -1.2621 0.6618, 3.0807 -1.2668 0.6702, 3.0217 -1.2668 0.6702, 3.0807 -1.2693 0.6795, 3.0217 -1.2693 0.6795, 3.0807 -1.2695 0.6891, 3.0217 -1.2695 0.6891, 3.0807 -1.2673 0.6985, 3.0217 -1.2673 0.6985, 3.0807 -1.263 0.707, 3.0217 -1.263 0.707, 3.0807 -1.2567 0.7143, 3.0217 -1.2567 0.7143, 3.0807 -1.2488 0.7198, 3.0217 -1.2488 0.7198, 3.0807 -1.2398 0.7232, 3.0217 -1.2398 0.7232, 3.0807 -1.2303 0.7244, 3.0217 -1.2303 0.7244, 3.0217 0.3445 0.7244, 3.0807 0.3445 0.7244, 3.0217 0.3445 0.6457, 3.0807 0.3445 0.6457, 3.0217 -1.1122 0.6457, 3.0807 -1.1122 0.6457, 3.0217 -1.14 0.5975, 3.0807 -1.14 0.5975, 3.2185 -1.2475 0.6496, 3.2776 -1.2475 0.6496, 3.2776 -1.2555 0.6548, 3.2185 -1.2555 0.6548, 3.2776 -1.2621 0.6618, 3.2185 -1.2621 0.6618, 3.2776 -1.2668 0.6702, 3.2185 -1.2668 0.6702, 3.2776 -1.2693 0.6795, 3.2185 -1.2693 0.6795, 3.2776 -1.2695 0.6891, 3.2185 -1.2695 0.6891, 3.2776 -1.2673 0.6985, 3.2185 -1.2673 0.6985, 3.2776 -1.263 0.707, 3.2185 -1.263 0.707, 3.2776 -1.2567 0.7143, 3.2185 -1.2567 0.7143, 3.2776 -1.2488 0.7198, 3.2185 -1.2488 0.7198, 3.2776 -1.2398 0.7232, 3.2185 -1.2398 0.7232, 3.2776 -1.2303 0.7244, 3.2185 -1.2303 0.7244, 3.2185 0.3445 0.7244, 3.2776 0.3445 0.7244, 3.2185 0.3445 0.6457, 3.2776 0.3445 0.6457, 3.2185 -1.1122 0.6457, 3.2776 -1.1122 0.6457, 3.2185 -1.14 0.5975, 3.2776 -1.14 0.5975, 3.4154 -1.2475 0.6496, 3.4744 -1.2475 0.6496, 3.4744 -1.2555 0.6548, 3.4154 -1.2555 0.6548, 3.4744 -1.2621 0.6618, 3.4154 -1.2621 0.6618, 3.4744 -1.2668 0.6702, 3.4154 -1.2668 0.6702, 3.4744 -1.2693 0.6795, 3.4154 -1.2693 0.6795, 3.4744 -1.2695 0.6891, 3.4154 -1.2695 0.6891, 3.4744 -1.2673 0.6985, 3.4154 -1.2673 0.6985, 3.4744 -1.263 0.707, 3.4154 -1.263 0.707, 3.4744 -1.2567 0.7143, 3.4154 -1.2567 0.7143, 3.4744 -1.2488 0.7198, 3.4154 -1.2488 0.7198, 3.4744 -1.2398 0.7232, 3.4154 -1.2398 0.7232, 3.4744 -1.2303 0.7244, 3.4154 -1.2303 0.7244, 3.4154 0.3445 0.7244, 3.4744 0.3445 0.7244, 3.4154 0.3445 0.6457, 3.4744 0.3445 0.6457, 3.4154 -1.1122 0.6457, 3.4744 -1.1122 0.6457, 3.4154 -1.14 0.5975, 3.4744 -1.14 0.5975, 3.6122 -1.2475 0.6496, 3.6713 -1.2475 0.6496, 3.6713 -1.2555 0.6548, 3.6122 -1.2555 0.6548, 3.6713 -1.2621 0.6618, 3.6122 -1.2621 0.6618, 3.6713 -1.2668 0.6702, 3.6122 -1.2668 0.6702, 3.6713 -1.2693 0.6795, 3.6122 -1.2693 0.6795, 3.6713 -1.2695 0.6891, 3.6122 -1.2695 0.6891, 3.6713 -1.2673 0.6985, 3.6122 -1.2673 0.6985, 3.6713 -1.263 0.707, 3.6122 -1.263 0.707, 3.6713 -1.2567 0.7143, 3.6122 -1.2567 0.7143, 3.6713 -1.2488 0.7198, 3.6122 -1.2488 0.7198, 3.6713 -1.2398 0.7232, 3.6122 -1.2398 0.7232, 3.6713 -1.2303 0.7244, 3.6122 -1.2303 0.7244, 3.6122 0.3445 0.7244, 3.6713 0.3445 0.7244, 3.6122 0.3445 0.6457, 3.6713 0.3445 0.6457, 3.6122 -1.1122 0.6457, 3.6713 -1.1122 0.6457, 3.6122 -1.14 0.5975, 3.6713 -1.14 0.5975, 3.8091 -1.2475 0.6496, 3.8681 -1.2475 0.6496, 3.8681 -1.2555 0.6548, 3.8091 -1.2555 0.6548, 3.8681 -1.2621 0.6618, 3.8091 -1.2621 0.6618, 3.8681 -1.2668 0.6702, 3.8091 -1.2668 0.6702, 3.8681 -1.2693 0.6795, 3.8091 -1.2693 0.6795, 3.8681 -1.2695 0.6891, 3.8091 -1.2695 0.6891, 3.8681 -1.2673 0.6985, 3.8091 -1.2673 0.6985, 3.8681 -1.263 0.707, 3.8091 -1.263 0.707, 3.8681 -1.2567 0.7143, 3.8091 -1.2567 0.7143, 3.8681 -1.2488 0.7198, 3.8091 -1.2488 0.7198, 3.8681 -1.2398 0.7232, 3.8091 -1.2398 0.7232, 3.8681 -1.2303 0.7244, 3.8091 -1.2303 0.7244, 3.8091 0.3445 0.7244, 3.8681 0.3445 0.7244, 3.8091 0.3445 0.6457, 3.8681 0.3445 0.6457, 3.8091 -1.1122 0.6457, 3.8681 -1.1122 0.6457, 3.8091 -1.14 0.5975, 3.8681 -1.14 0.5975
            ]
        }
        coordIndex [
            0,1,2,-1,0,2,3,-1,3,2,4,-1,3,4,5,-1,5,4,6,-1,5,6,7,-1,7,6,8,-1,7,8,9,-1,9,8,10,-1,9,10,11,-1,11,10,12,-1,11,12,13,-1,13,12,14,-1,13,14,15,-1,15,14,16,-1,15,16,17,-1,17,16,18,-1,17,18,19,-1,19,18,20,-1,19,20,21,-1,21,20,22,-1,21,22,23,-1,24,23,25,-1,25,23,22,-1,26,24,27,-1,27,24,25,-1,28,26,29,-1,29,26,27,-1,30,28,31,-1,31,28,29,-1,0,30,1,-1,1,30,31,-1,24,26,23,-1,23,26,28,-1,28,30,23,-1,23,30,0,-1,23,0,3,-1,9,11,23,-1,23,11,13,-1,23,13,15,-1,3,5,23,-1,23,5,7,-1,23,7,9,-1,15,17,23,-1,23,17,19,-1,23,19,21,-1,29,27,25,-1,25,22,29,-1,29,22,1,-1,29,1,31,-1,22,20,18,-1,12,10,22,-1,22,10,8,-1,22,8,6,-1,18,16,22,-1,22,16,14,-1,22,14,12,-1,6,4,22,-1,22,4,2,-1,22,2,1,-1,32,33,34,-1,32,34,35,-1,35,34,36,-1,35,36,37,-1,37,36,38,-1,37,38,39,-1,39,38,40,-1,39,40,41,-1,41,40,42,-1,41,42,43,-1,43,42,44,-1,43,44,45,-1,45,44,46,-1,45,46,47,-1,47,46,48,-1,47,48,49,-1,49,48,50,-1,49,50,51,-1,51,50,52,-1,51,52,53,-1,53,52,54,-1,53,54,55,-1,56,55,57,-1,57,55,54,-1,58,56,59,-1,59,56,57,-1,60,58,61,-1,61,58,59,-1,62,60,63,-1,63,60,61,-1,32,62,33,-1,33,62,63,-1,56,58,55,-1,55,58,60,-1,60,62,55,-1,55,62,32,-1,55,32,35,-1,41,43,55,-1,55,43,45,-1,55,45,47,-1,35,37,55,-1,55,37,39,-1,55,39,41,-1,47,49,55,-1,55,49,51,-1,55,51,53,-1,61,59,57,-1,57,54,61,-1,61,54,33,-1,61,33,63,-1,54,52,50,-1,44,42,54,-1,54,42,40,-1,54,40,38,-1,50,48,54,-1,54,48,46,-1,54,46,44,-1,38,36,54,-1,54,36,34,-1,54,34,33,-1,64,65,66,-1,64,66,67,-1,67,66,68,-1,67,68,69,-1,69,68,70,-1,69,70,71,-1,71,70,72,-1,71,72,73,-1,73,72,74,-1,73,74,75,-1,75,74,76,-1,75,76,77,-1,77,76,78,-1,77,78,79,-1,79,78,80,-1,79,80,81,-1,81,80,82,-1,81,82,83,-1,83,82,84,-1,83,84,85,-1,85,84,86,-1,85,86,87,-1,88,87,89,-1,89,87,86,-1,90,88,91,-1,91,88,89,-1,92,90,93,-1,93,90,91,-1,94,92,95,-1,95,92,93,-1,64,94,65,-1,65,94,95,-1,88,90,87,-1,87,90,92,-1,92,94,87,-1,87,94,64,-1,87,64,67,-1,73,75,87,-1,87,75,77,-1,87,77,79,-1,67,69,87,-1,87,69,71,-1,87,71,73,-1,79,81,87,-1,87,81,83,-1,87,83,85,-1,93,91,89,-1,89,86,93,-1,93,86,65,-1,93,65,95,-1,86,84,82,-1,76,74,86,-1,86,74,72,-1,86,72,70,-1,82,80,86,-1,86,80,78,-1,86,78,76,-1,70,68,86,-1,86,68,66,-1,86,66,65,-1,96,97,98,-1,96,98,99,-1,99,98,100,-1,99,100,101,-1,101,100,102,-1,101,102,103,-1,103,102,104,-1,103,104,105,-1,105,104,106,-1,105,106,107,-1,107,106,108,-1,107,108,109,-1,109,108,110,-1,109,110,111,-1,111,110,112,-1,111,112,113,-1,113,112,114,-1,113,114,115,-1,115,114,116,-1,115,116,117,-1,117,116,118,-1,117,118,119,-1,120,119,121,-1,121,119,118,-1,122,120,123,-1,123,120,121,-1,124,122,125,-1,125,122,123,-1,126,124,127,-1,127,124,125,-1,96,126,97,-1,97,126,127,-1,120,122,119,-1,119,122,124,-1,124,126,119,-1,119,126,96,-1,119,96,99,-1,105,107,119,-1,119,107,109,-1,119,109,111,-1,99,101,119,-1,119,101,103,-1,119,103,105,-1,111,113,119,-1,119,113,115,-1,119,115,117,-1,125,123,121,-1,121,118,125,-1,125,118,97,-1,125,97,127,-1,118,116,114,-1,108,106,118,-1,118,106,104,-1,118,104,102,-1,114,112,118,-1,118,112,110,-1,118,110,108,-1,102,100,118,-1,118,100,98,-1,118,98,97,-1,128,129,130,-1,128,130,131,-1,131,130,132,-1,131,132,133,-1,133,132,134,-1,133,134,135,-1,135,134,136,-1,135,136,137,-1,137,136,138,-1,137,138,139,-1,139,138,140,-1,139,140,141,-1,141,140,142,-1,141,142,143,-1,143,142,144,-1,143,144,145,-1,145,144,146,-1,145,146,147,-1,147,146,148,-1,147,148,149,-1,149,148,150,-1,149,150,151,-1,152,151,153,-1,153,151,150,-1,154,152,155,-1,155,152,153,-1,156,154,157,-1,157,154,155,-1,158,156,159,-1,159,156,157,-1,128,158,129,-1,129,158,159,-1,152,154,151,-1,151,154,156,-1,156,158,151,-1,151,158,128,-1,151,128,131,-1,137,139,151,-1,151,139,141,-1,151,141,143,-1,131,133,151,-1,151,133,135,-1,151,135,137,-1,143,145,151,-1,151,145,147,-1,151,147,149,-1,157,155,153,-1,153,150,157,-1,157,150,129,-1,157,129,159,-1,150,148,146,-1,140,138,150,-1,150,138,136,-1,150,136,134,-1,146,144,150,-1,150,144,142,-1,150,142,140,-1,134,132,150,-1,150,132,130,-1,150,130,129,-1,160,161,162,-1,160,162,163,-1,163,162,164,-1,163,164,165,-1,165,164,166,-1,165,166,167,-1,167,166,168,-1,167,168,169,-1,169,168,170,-1,169,170,171,-1,171,170,172,-1,171,172,173,-1,173,172,174,-1,173,174,175,-1,175,174,176,-1,175,176,177,-1,177,176,178,-1,177,178,179,-1,179,178,180,-1,179,180,181,-1,181,180,182,-1,181,182,183,-1,184,183,185,-1,185,183,182,-1,186,184,187,-1,187,184,185,-1,188,186,189,-1,189,186,187,-1,190,188,191,-1,191,188,189,-1,160,190,161,-1,161,190,191,-1,184,186,183,-1,183,186,188,-1,188,190,183,-1,183,190,160,-1,183,160,163,-1,169,171,183,-1,183,171,173,-1,183,173,175,-1,163,165,183,-1,183,165,167,-1,183,167,169,-1,175,177,183,-1,183,177,179,-1,183,179,181,-1,189,187,185,-1,185,182,189,-1,189,182,161,-1,189,161,191,-1,182,180,178,-1,172,170,182,-1,182,170,168,-1,182,168,166,-1,178,176,182,-1,182,176,174,-1,182,174,172,-1,166,164,182,-1,182,164,162,-1,182,162,161,-1,192,193,194,-1,192,194,195,-1,195,194,196,-1,195,196,197,-1,197,196,198,-1,197,198,199,-1,199,198,200,-1,199,200,201,-1,201,200,202,-1,201,202,203,-1,203,202,204,-1,203,204,205,-1,205,204,206,-1,205,206,207,-1,207,206,208,-1,207,208,209,-1,209,208,210,-1,209,210,211,-1,211,210,212,-1,211,212,213,-1,213,212,214,-1,213,214,215,-1,216,215,217,-1,217,215,214,-1,218,216,219,-1,219,216,217,-1,220,218,221,-1,221,218,219,-1,222,220,223,-1,223,220,221,-1,192,222,193,-1,193,222,223,-1,216,218,215,-1,215,218,220,-1,220,222,215,-1,215,222,192,-1,215,192,195,-1,201,203,215,-1,215,203,205,-1,215,205,207,-1,195,197,215,-1,215,197,199,-1,215,199,201,-1,207,209,215,-1,215,209,211,-1,215,211,213,-1,221,219,217,-1,217,214,221,-1,221,214,193,-1,221,193,223,-1,214,212,210,-1,204,202,214,-1,214,202,200,-1,214,200,198,-1,210,208,214,-1,214,208,206,-1,214,206,204,-1,198,196,214,-1,214,196,194,-1,214,194,193,-1,224,225,226,-1,224,226,227,-1,227,226,228,-1,227,228,229,-1,229,228,230,-1,229,230,231,-1,231,230,232,-1,231,232,233,-1,233,232,234,-1,233,234,235,-1,235,234,236,-1,235,236,237,-1,237,236,238,-1,237,238,239,-1,239,238,240,-1,239,240,241,-1,241,240,242,-1,241,242,243,-1,243,242,244,-1,243,244,245,-1,245,244,246,-1,245,246,247,-1,248,247,249,-1,249,247,246,-1,250,248,251,-1,251,248,249,-1,252,250,253,-1,253,250,251,-1,254,252,255,-1,255,252,253,-1,224,254,225,-1,225,254,255,-1,248,250,247,-1,247,250,252,-1,252,254,247,-1,247,254,224,-1,247,224,227,-1,233,235,247,-1,247,235,237,-1,247,237,239,-1,227,229,247,-1,247,229,231,-1,247,231,233,-1,239,241,247,-1,247,241,243,-1,247,243,245,-1,253,251,249,-1,249,246,253,-1,253,246,225,-1,253,225,255,-1,246,244,242,-1,236,234,246,-1,246,234,232,-1,246,232,230,-1,242,240,246,-1,246,240,238,-1,246,238,236,-1,230,228,246,-1,246,228,226,-1,246,226,225,-1,256,257,258,-1,256,258,259,-1,259,258,260,-1,259,260,261,-1,261,260,262,-1,261,262,263,-1,263,262,264,-1,263,264,265,-1,265,264,266,-1,265,266,267,-1,267,266,268,-1,267,268,269,-1,269,268,270,-1,269,270,271,-1,271,270,272,-1,271,272,273,-1,273,272,274,-1,273,274,275,-1,275,274,276,-1,275,276,277,-1,277,276,278,-1,277,278,279,-1,280,279,281,-1,281,279,278,-1,282,280,283,-1,283,280,281,-1,284,282,285,-1,285,282,283,-1,286,284,287,-1,287,284,285,-1,256,286,257,-1,257,286,287,-1,280,282,279,-1,279,282,284,-1,284,286,279,-1,279,286,256,-1,279,256,259,-1,265,267,279,-1,279,267,269,-1,279,269,271,-1,259,261,279,-1,279,261,263,-1,279,263,265,-1,271,273,279,-1,279,273,275,-1,279,275,277,-1,285,283,281,-1,281,278,285,-1,285,278,257,-1,285,257,287,-1,278,276,274,-1,268,266,278,-1,278,266,264,-1,278,264,262,-1,274,272,278,-1,278,272,270,-1,278,270,268,-1,262,260,278,-1,278,260,258,-1,278,258,257,-1,288,289,290,-1,288,290,291,-1,291,290,292,-1,291,292,293,-1,293,292,294,-1,293,294,295,-1,295,294,296,-1,295,296,297,-1,297,296,298,-1,297,298,299,-1,299,298,300,-1,299,300,301,-1,301,300,302,-1,301,302,303,-1,303,302,304,-1,303,304,305,-1,305,304,306,-1,305,306,307,-1,307,306,308,-1,307,308,309,-1,309,308,310,-1,309,310,311,-1,312,311,313,-1,313,311,310,-1,314,312,315,-1,315,312,313,-1,316,314,317,-1,317,314,315,-1,318,316,319,-1,319,316,317,-1,288,318,289,-1,289,318,319,-1,312,314,311,-1,311,314,316,-1,316,318,311,-1,311,318,288,-1,311,288,291,-1,297,299,311,-1,311,299,301,-1,311,301,303,-1,291,293,311,-1,311,293,295,-1,311,295,297,-1,303,305,311,-1,311,305,307,-1,311,307,309,-1,317,315,313,-1,313,310,317,-1,317,310,289,-1,317,289,319,-1,310,308,306,-1,300,298,310,-1,310,298,296,-1,310,296,294,-1,306,304,310,-1,310,304,302,-1,310,302,300,-1,294,292,310,-1,310,292,290,-1,310,290,289,-1,320,321,322,-1,320,322,323,-1,323,322,324,-1,323,324,325,-1,325,324,326,-1,325,326,327,-1,327,326,328,-1,327,328,329,-1,329,328,330,-1,329,330,331,-1,331,330,332,-1,331,332,333,-1,333,332,334,-1,333,334,335,-1,335,334,336,-1,335,336,337,-1,337,336,338,-1,337,338,339,-1,339,338,340,-1,339,340,341,-1,341,340,342,-1,341,342,343,-1,344,343,345,-1,345,343,342,-1,346,344,347,-1,347,344,345,-1,348,346,349,-1,349,346,347,-1,350,348,351,-1,351,348,349,-1,320,350,321,-1,321,350,351,-1,344,346,343,-1,343,346,348,-1,348,350,343,-1,343,350,320,-1,343,320,323,-1,329,331,343,-1,343,331,333,-1,343,333,335,-1,323,325,343,-1,343,325,327,-1,343,327,329,-1,335,337,343,-1,343,337,339,-1,343,339,341,-1,349,347,345,-1,345,342,349,-1,349,342,321,-1,349,321,351,-1,342,340,338,-1,332,330,342,-1,342,330,328,-1,342,328,326,-1,338,336,342,-1,342,336,334,-1,342,334,332,-1,326,324,342,-1,342,324,322,-1,342,322,321,-1,352,353,354,-1,352,354,355,-1,355,354,356,-1,355,356,357,-1,357,356,358,-1,357,358,359,-1,359,358,360,-1,359,360,361,-1,361,360,362,-1,361,362,363,-1,363,362,364,-1,363,364,365,-1,365,364,366,-1,365,366,367,-1,367,366,368,-1,367,368,369,-1,369,368,370,-1,369,370,371,-1,371,370,372,-1,371,372,373,-1,373,372,374,-1,373,374,375,-1,376,375,377,-1,377,375,374,-1,378,376,379,-1,379,376,377,-1,380,378,381,-1,381,378,379,-1,382,380,383,-1,383,380,381,-1,352,382,353,-1,353,382,383,-1,376,378,375,-1,375,378,380,-1,380,382,375,-1,375,382,352,-1,375,352,355,-1,361,363,375,-1,375,363,365,-1,375,365,367,-1,355,357,375,-1,375,357,359,-1,375,359,361,-1,367,369,375,-1,375,369,371,-1,375,371,373,-1,381,379,377,-1,377,374,381,-1,381,374,353,-1,381,353,383,-1,374,372,370,-1,364,362,374,-1,374,362,360,-1,374,360,358,-1,370,368,374,-1,374,368,366,-1,374,366,364,-1,358,356,374,-1,374,356,354,-1,374,354,353,-1,384,385,386,-1,384,386,387,-1,387,386,388,-1,387,388,389,-1,389,388,390,-1,389,390,391,-1,391,390,392,-1,391,392,393,-1,393,392,394,-1,393,394,395,-1,395,394,396,-1,395,396,397,-1,397,396,398,-1,397,398,399,-1,399,398,400,-1,399,400,401,-1,401,400,402,-1,401,402,403,-1,403,402,404,-1,403,404,405,-1,405,404,406,-1,405,406,407,-1,408,407,409,-1,409,407,406,-1,410,408,411,-1,411,408,409,-1,412,410,413,-1,413,410,411,-1,414,412,415,-1,415,412,413,-1,384,414,385,-1,385,414,415,-1,408,410,407,-1,407,410,412,-1,412,414,407,-1,407,414,384,-1,407,384,387,-1,393,395,407,-1,407,395,397,-1,407,397,399,-1,387,389,407,-1,407,389,391,-1,407,391,393,-1,399,401,407,-1,407,401,403,-1,407,403,405,-1,413,411,409,-1,409,406,413,-1,413,406,385,-1,413,385,415,-1,406,404,402,-1,396,394,406,-1,406,394,392,-1,406,392,390,-1,402,400,406,-1,406,400,398,-1,406,398,396,-1,390,388,406,-1,406,388,386,-1,406,386,385,-1,416,417,418,-1,416,418,419,-1,419,418,420,-1,419,420,421,-1,421,420,422,-1,421,422,423,-1,423,422,424,-1,423,424,425,-1,425,424,426,-1,425,426,427,-1,427,426,428,-1,427,428,429,-1,429,428,430,-1,429,430,431,-1,431,430,432,-1,431,432,433,-1,433,432,434,-1,433,434,435,-1,435,434,436,-1,435,436,437,-1,437,436,438,-1,437,438,439,-1,440,439,441,-1,441,439,438,-1,442,440,443,-1,443,440,441,-1,444,442,445,-1,445,442,443,-1,446,444,447,-1,447,444,445,-1,416,446,417,-1,417,446,447,-1,440,442,439,-1,439,442,444,-1,444,446,439,-1,439,446,416,-1,439,416,419,-1,425,427,439,-1,439,427,429,-1,439,429,431,-1,419,421,439,-1,439,421,423,-1,439,423,425,-1,431,433,439,-1,439,433,435,-1,439,435,437,-1,445,443,441,-1,441,438,445,-1,445,438,417,-1,445,417,447,-1,438,436,434,-1,428,426,438,-1,438,426,424,-1,438,424,422,-1,434,432,438,-1,438,432,430,-1,438,430,428,-1,422,420,438,-1,438,420,418,-1,438,418,417,-1,448,449,450,-1,448,450,451,-1,451,450,452,-1,451,452,453,-1,453,452,454,-1,453,454,455,-1,455,454,456,-1,455,456,457,-1,457,456,458,-1,457,458,459,-1,459,458,460,-1,459,460,461,-1,461,460,462,-1,461,462,463,-1,463,462,464,-1,463,464,465,-1,465,464,466,-1,465,466,467,-1,467,466,468,-1,467,468,469,-1,469,468,470,-1,469,470,471,-1,472,471,473,-1,473,471,470,-1,474,472,475,-1,475,472,473,-1,476,474,477,-1,477,474,475,-1,478,476,479,-1,479,476,477,-1,448,478,449,-1,449,478,479,-1,472,474,471,-1,471,474,476,-1,476,478,471,-1,471,478,448,-1,471,448,451,-1,457,459,471,-1,471,459,461,-1,471,461,463,-1,451,453,471,-1,471,453,455,-1,471,455,457,-1,463,465,471,-1,471,465,467,-1,471,467,469,-1,477,475,473,-1,473,470,477,-1,477,470,449,-1,477,449,479,-1,470,468,466,-1,460,458,470,-1,470,458,456,-1,470,456,454,-1,466,464,470,-1,470,464,462,-1,470,462,460,-1,454,452,470,-1,470,452,450,-1,470,450,449,-1,480,481,482,-1,480,482,483,-1,483,482,484,-1,483,484,485,-1,485,484,486,-1,485,486,487,-1,487,486,488,-1,487,488,489,-1,489,488,490,-1,489,490,491,-1,491,490,492,-1,491,492,493,-1,493,492,494,-1,493,494,495,-1,495,494,496,-1,495,496,497,-1,497,496,498,-1,497,498,499,-1,499,498,500,-1,499,500,501,-1,501,500,502,-1,501,502,503,-1,504,503,505,-1,505,503,502,-1,506,504,507,-1,507,504,505,-1,508,506,509,-1,509,506,507,-1,510,508,511,-1,511,508,509,-1,480,510,481,-1,481,510,511,-1,504,506,503,-1,503,506,508,-1,508,510,503,-1,503,510,480,-1,503,480,483,-1,489,491,503,-1,503,491,493,-1,503,493,495,-1,483,485,503,-1,503,485,487,-1,503,487,489,-1,495,497,503,-1,503,497,499,-1,503,499,501,-1,509,507,505,-1,505,502,509,-1,509,502,481,-1,509,481,511,-1,502,500,498,-1,492,490,502,-1,502,490,488,-1,502,488,486,-1,498,496,502,-1,502,496,494,-1,502,494,492,-1,486,484,502,-1,502,484,482,-1,502,482,481,-1,512,513,514,-1,512,514,515,-1,515,514,516,-1,515,516,517,-1,517,516,518,-1,517,518,519,-1,519,518,520,-1,519,520,521,-1,521,520,522,-1,521,522,523,-1,523,522,524,-1,523,524,525,-1,525,524,526,-1,525,526,527,-1,527,526,528,-1,527,528,529,-1,529,528,530,-1,529,530,531,-1,531,530,532,-1,531,532,533,-1,533,532,534,-1,533,534,535,-1,536,535,537,-1,537,535,534,-1,538,536,539,-1,539,536,537,-1,540,538,541,-1,541,538,539,-1,542,540,543,-1,543,540,541,-1,512,542,513,-1,513,542,543,-1,536,538,535,-1,535,538,540,-1,540,542,535,-1,535,542,512,-1,535,512,515,-1,521,523,535,-1,535,523,525,-1,535,525,527,-1,515,517,535,-1,535,517,519,-1,535,519,521,-1,527,529,535,-1,535,529,531,-1,535,531,533,-1,541,539,537,-1,537,534,541,-1,541,534,513,-1,541,513,543,-1,534,532,530,-1,524,522,534,-1,534,522,520,-1,534,520,518,-1,530,528,534,-1,534,528,526,-1,534,526,524,-1,518,516,534,-1,534,516,514,-1,534,514,513,-1,544,545,546,-1,544,546,547,-1,547,546,548,-1,547,548,549,-1,549,548,550,-1,549,550,551,-1,551,550,552,-1,551,552,553,-1,553,552,554,-1,553,554,555,-1,555,554,556,-1,555,556,557,-1,557,556,558,-1,557,558,559,-1,559,558,560,-1,559,560,561,-1,561,560,562,-1,561,562,563,-1,563,562,564,-1,563,564,565,-1,565,564,566,-1,565,566,567,-1,568,567,569,-1,569,567,566,-1,570,568,571,-1,571,568,569,-1,572,570,573,-1,573,570,571,-1,574,572,575,-1,575,572,573,-1,544,574,545,-1,545,574,575,-1,568,570,567,-1,567,570,572,-1,572,574,567,-1,567,574,544,-1,567,544,547,-1,553,555,567,-1,567,555,557,-1,567,557,559,-1,547,549,567,-1,567,549,551,-1,567,551,553,-1,559,561,567,-1,567,561,563,-1,567,563,565,-1,573,571,569,-1,569,566,573,-1,573,566,545,-1,573,545,575,-1,566,564,562,-1,556,554,566,-1,566,554,552,-1,566,552,550,-1,562,560,566,-1,566,560,558,-1,566,558,556,-1,550,548,566,-1,566,548,546,-1,566,546,545,-1,576,577,578,-1,576,578,579,-1,579,578,580,-1,579,580,581,-1,581,580,582,-1,581,582,583,-1,583,582,584,-1,583,584,585,-1,585,584,586,-1,585,586,587,-1,587,586,588,-1,587,588,589,-1,589,588,590,-1,589,590,591,-1,591,590,592,-1,591,592,593,-1,593,592,594,-1,593,594,595,-1,595,594,596,-1,595,596,597,-1,597,596,598,-1,597,598,599,-1,600,599,601,-1,601,599,598,-1,602,600,603,-1,603,600,601,-1,604,602,605,-1,605,602,603,-1,606,604,607,-1,607,604,605,-1,576,606,577,-1,577,606,607,-1,600,602,599,-1,599,602,604,-1,604,606,599,-1,599,606,576,-1,599,576,579,-1,585,587,599,-1,599,587,589,-1,599,589,591,-1,579,581,599,-1,599,581,583,-1,599,583,585,-1,591,593,599,-1,599,593,595,-1,599,595,597,-1,605,603,601,-1,601,598,605,-1,605,598,577,-1,605,577,607,-1,598,596,594,-1,588,586,598,-1,598,586,584,-1,598,584,582,-1,594,592,598,-1,598,592,590,-1,598,590,588,-1,582,580,598,-1,598,580,578,-1,598,578,577,-1,608,609,610,-1,608,610,611,-1,611,610,612,-1,611,612,613,-1,613,612,614,-1,613,614,615,-1,615,614,616,-1,615,616,617,-1,617,616,618,-1,617,618,619,-1,619,618,620,-1,619,620,621,-1,621,620,622,-1,621,622,623,-1,623,622,624,-1,623,624,625,-1,625,624,626,-1,625,626,627,-1,627,626,628,-1,627,628,629,-1,629,628,630,-1,629,630,631,-1,632,631,633,-1,633,631,630,-1,634,632,635,-1,635,632,633,-1,636,634,637,-1,637,634,635,-1,638,636,639,-1,639,636,637,-1,608,638,609,-1,609,638,639,-1,632,634,631,-1,631,634,636,-1,636,638,631,-1,631,638,608,-1,631,608,611,-1,617,619,631,-1,631,619,621,-1,631,621,623,-1,611,613,631,-1,631,613,615,-1,631,615,617,-1,623,625,631,-1,631,625,627,-1,631,627,629,-1,637,635,633,-1,633,630,637,-1,637,630,609,-1,637,609,639,-1,630,628,626,-1,620,618,630,-1,630,618,616,-1,630,616,614,-1,626,624,630,-1,630,624,622,-1,630,622,620,-1,614,612,630,-1,630,612,610,-1,630,610,609,-1,640,641,642,-1,640,642,643,-1,643,642,644,-1,643,644,645,-1,645,644,646,-1,645,646,647,-1,647,646,648,-1,647,648,649,-1,649,648,650,-1,649,650,651,-1,651,650,652,-1,651,652,653,-1,653,652,654,-1,653,654,655,-1,655,654,656,-1,655,656,657,-1,657,656,658,-1,657,658,659,-1,659,658,660,-1,659,660,661,-1,661,660,662,-1,661,662,663,-1,664,663,665,-1,665,663,662,-1,666,664,667,-1,667,664,665,-1,668,666,669,-1,669,666,667,-1,670,668,671,-1,671,668,669,-1,640,670,641,-1,641,670,671,-1,664,666,663,-1,663,666,668,-1,668,670,663,-1,663,670,640,-1,663,640,643,-1,649,651,663,-1,663,651,653,-1,663,653,655,-1,643,645,663,-1,663,645,647,-1,663,647,649,-1,655,657,663,-1,663,657,659,-1,663,659,661,-1,669,667,665,-1,665,662,669,-1,669,662,641,-1,669,641,671,-1,662,660,658,-1,652,650,662,-1,662,650,648,-1,662,648,646,-1,658,656,662,-1,662,656,654,-1,662,654,652,-1,646,644,662,-1,662,644,642,-1,662,642,641,-1,672,673,674,-1,672,674,675,-1,675,674,676,-1,675,676,677,-1,677,676,678,-1,677,678,679,-1,679,678,680,-1,679,680,681,-1,681,680,682,-1,681,682,683,-1,683,682,684,-1,683,684,685,-1,685,684,686,-1,685,686,687,-1,687,686,688,-1,687,688,689,-1,689,688,690,-1,689,690,691,-1,691,690,692,-1,691,692,693,-1,693,692,694,-1,693,694,695,-1,696,695,697,-1,697,695,694,-1,698,696,699,-1,699,696,697,-1,700,698,701,-1,701,698,699,-1,702,700,703,-1,703,700,701,-1,672,702,673,-1,673,702,703,-1,696,698,695,-1,695,698,700,-1,700,702,695,-1,695,702,672,-1,695,672,675,-1,681,683,695,-1,695,683,685,-1,695,685,687,-1,675,677,695,-1,695,677,679,-1,695,679,681,-1,687,689,695,-1,695,689,691,-1,695,691,693,-1,701,699,697,-1,697,694,701,-1,701,694,673,-1,701,673,703,-1,694,692,690,-1,684,682,694,-1,694,682,680,-1,694,680,678,-1,690,688,694,-1,694,688,686,-1,694,686,684,-1,678,676,694,-1,694,676,674,-1,694,674,673,-1,704,705,706,-1,704,706,707,-1,707,706,708,-1,707,708,709,-1,709,708,710,-1,709,710,711,-1,711,710,712,-1,711,712,713,-1,713,712,714,-1,713,714,715,-1,715,714,716,-1,715,716,717,-1,717,716,718,-1,717,718,719,-1,719,718,720,-1,719,720,721,-1,721,720,722,-1,721,722,723,-1,723,722,724,-1,723,724,725,-1,725,724,726,-1,725,726,727,-1,728,727,729,-1,729,727,726,-1,730,728,731,-1,731,728,729,-1,732,730,733,-1,733,730,731,-1,734,732,735,-1,735,732,733,-1,704,734,705,-1,705,734,735,-1,728,730,727,-1,727,730,732,-1,732,734,727,-1,727,734,704,-1,727,704,707,-1,713,715,727,-1,727,715,717,-1,727,717,719,-1,707,709,727,-1,727,709,711,-1,727,711,713,-1,719,721,727,-1,727,721,723,-1,727,723,725,-1,733,731,729,-1,729,726,733,-1,733,726,705,-1,733,705,735,-1,726,724,722,-1,716,714,726,-1,726,714,712,-1,726,712,710,-1,722,720,726,-1,726,720,718,-1,726,718,716,-1,710,708,726,-1,726,708,706,-1,726,706,705,-1,736,737,738,-1,736,738,739,-1,739,738,740,-1,739,740,741,-1,741,740,742,-1,741,742,743,-1,743,742,744,-1,743,744,745,-1,745,744,746,-1,745,746,747,-1,747,746,748,-1,747,748,749,-1,749,748,750,-1,749,750,751,-1,751,750,752,-1,751,752,753,-1,753,752,754,-1,753,754,755,-1,755,754,756,-1,755,756,757,-1,757,756,758,-1,757,758,759,-1,760,759,761,-1,761,759,758,-1,762,760,763,-1,763,760,761,-1,764,762,765,-1,765,762,763,-1,766,764,767,-1,767,764,765,-1,736,766,737,-1,737,766,767,-1,760,762,759,-1,759,762,764,-1,764,766,759,-1,759,766,736,-1,759,736,739,-1,745,747,759,-1,759,747,749,-1,759,749,751,-1,739,741,759,-1,759,741,743,-1,759,743,745,-1,751,753,759,-1,759,753,755,-1,759,755,757,-1,765,763,761,-1,761,758,765,-1,765,758,737,-1,765,737,767,-1,758,756,754,-1,748,746,758,-1,758,746,744,-1,758,744,742,-1,754,752,758,-1,758,752,750,-1,758,750,748,-1,742,740,758,-1,758,740,738,-1,758,738,737,-1,768,769,770,-1,768,770,771,-1,771,770,772,-1,771,772,773,-1,773,772,774,-1,773,774,775,-1,775,774,776,-1,775,776,777,-1,777,776,778,-1,777,778,779,-1,779,778,780,-1,779,780,781,-1,781,780,782,-1,781,782,783,-1,783,782,784,-1,783,784,785,-1,785,784,786,-1,785,786,787,-1,787,786,788,-1,787,788,789,-1,789,788,790,-1,789,790,791,-1,792,791,793,-1,793,791,790,-1,794,792,795,-1,795,792,793,-1,796,794,797,-1,797,794,795,-1,798,796,799,-1,799,796,797,-1,768,798,769,-1,769,798,799,-1,792,794,791,-1,791,794,796,-1,796,798,791,-1,791,798,768,-1,791,768,771,-1,777,779,791,-1,791,779,781,-1,791,781,783,-1,771,773,791,-1,791,773,775,-1,791,775,777,-1,783,785,791,-1,791,785,787,-1,791,787,789,-1,797,795,793,-1,793,790,797,-1,797,790,769,-1,797,769,799,-1,790,788,786,-1,780,778,790,-1,790,778,776,-1,790,776,774,-1,786,784,790,-1,790,784,782,-1,790,782,780,-1,774,772,790,-1,790,772,770,-1,790,770,769,-1,800,801,802,-1,800,802,803,-1,803,802,804,-1,803,804,805,-1,805,804,806,-1,805,806,807,-1,807,806,808,-1,807,808,809,-1,809,808,810,-1,809,810,811,-1,811,810,812,-1,811,812,813,-1,813,812,814,-1,813,814,815,-1,815,814,816,-1,815,816,817,-1,817,816,818,-1,817,818,819,-1,819,818,820,-1,819,820,821,-1,821,820,822,-1,821,822,823,-1,824,823,825,-1,825,823,822,-1,826,824,827,-1,827,824,825,-1,828,826,829,-1,829,826,827,-1,830,828,831,-1,831,828,829,-1,800,830,801,-1,801,830,831,-1,824,826,823,-1,823,826,828,-1,828,830,823,-1,823,830,800,-1,823,800,803,-1,809,811,823,-1,823,811,813,-1,823,813,815,-1,803,805,823,-1,823,805,807,-1,823,807,809,-1,815,817,823,-1,823,817,819,-1,823,819,821,-1,829,827,825,-1,825,822,829,-1,829,822,801,-1,829,801,831,-1,822,820,818,-1,812,810,822,-1,822,810,808,-1,822,808,806,-1,818,816,822,-1,822,816,814,-1,822,814,812,-1,806,804,822,-1,822,804,802,-1,822,802,801,-1,832,833,834,-1,832,834,835,-1,835,834,836,-1,835,836,837,-1,837,836,838,-1,837,838,839,-1,839,838,840,-1,839,840,841,-1,841,840,842,-1,841,842,843,-1,843,842,844,-1,843,844,845,-1,845,844,846,-1,845,846,847,-1,847,846,848,-1,847,848,849,-1,849,848,850,-1,849,850,851,-1,851,850,852,-1,851,852,853,-1,853,852,854,-1,853,854,855,-1,856,855,857,-1,857,855,854,-1,858,856,859,-1,859,856,857,-1,860,858,861,-1,861,858,859,-1,862,860,863,-1,863,860,861,-1,832,862,833,-1,833,862,863,-1,856,858,855,-1,855,858,860,-1,860,862,855,-1,855,862,832,-1,855,832,835,-1,841,843,855,-1,855,843,845,-1,855,845,847,-1,835,837,855,-1,855,837,839,-1,855,839,841,-1,847,849,855,-1,855,849,851,-1,855,851,853,-1,861,859,857,-1,857,854,861,-1,861,854,833,-1,861,833,863,-1,854,852,850,-1,844,842,854,-1,854,842,840,-1,854,840,838,-1,850,848,854,-1,854,848,846,-1,854,846,844,-1,838,836,854,-1,854,836,834,-1,854,834,833,-1,864,865,866,-1,864,866,867,-1,867,866,868,-1,867,868,869,-1,869,868,870,-1,869,870,871,-1,871,870,872,-1,871,872,873,-1,873,872,874,-1,873,874,875,-1,875,874,876,-1,875,876,877,-1,877,876,878,-1,877,878,879,-1,879,878,880,-1,879,880,881,-1,881,880,882,-1,881,882,883,-1,883,882,884,-1,883,884,885,-1,885,884,886,-1,885,886,887,-1,888,887,889,-1,889,887,886,-1,890,888,891,-1,891,888,889,-1,892,890,893,-1,893,890,891,-1,894,892,895,-1,895,892,893,-1,864,894,865,-1,865,894,895,-1,888,890,887,-1,887,890,892,-1,892,894,887,-1,887,894,864,-1,887,864,867,-1,873,875,887,-1,887,875,877,-1,887,877,879,-1,867,869,887,-1,887,869,871,-1,887,871,873,-1,879,881,887,-1,887,881,883,-1,887,883,885,-1,893,891,889,-1,889,886,893,-1,893,886,865,-1,893,865,895,-1,886,884,882,-1,876,874,886,-1,886,874,872,-1,886,872,870,-1,882,880,886,-1,886,880,878,-1,886,878,876,-1,870,868,886,-1,886,868,866,-1,886,866,865,-1,896,897,898,-1,896,898,899,-1,899,898,900,-1,899,900,901,-1,901,900,902,-1,901,902,903,-1,903,902,904,-1,903,904,905,-1,905,904,906,-1,905,906,907,-1,907,906,908,-1,907,908,909,-1,909,908,910,-1,909,910,911,-1,911,910,912,-1,911,912,913,-1,913,912,914,-1,913,914,915,-1,915,914,916,-1,915,916,917,-1,917,916,918,-1,917,918,919,-1,920,919,921,-1,921,919,918,-1,922,920,923,-1,923,920,921,-1,924,922,925,-1,925,922,923,-1,926,924,927,-1,927,924,925,-1,896,926,897,-1,897,926,927,-1,920,922,919,-1,919,922,924,-1,924,926,919,-1,919,926,896,-1,919,896,899,-1,905,907,919,-1,919,907,909,-1,919,909,911,-1,899,901,919,-1,919,901,903,-1,919,903,905,-1,911,913,919,-1,919,913,915,-1,919,915,917,-1,925,923,921,-1,921,918,925,-1,925,918,897,-1,925,897,927,-1,918,916,914,-1,908,906,918,-1,918,906,904,-1,918,904,902,-1,914,912,918,-1,918,912,910,-1,918,910,908,-1,902,900,918,-1,918,900,898,-1,918,898,897,-1,928,929,930,-1,928,930,931,-1,931,930,932,-1,931,932,933,-1,933,932,934,-1,933,934,935,-1,935,934,936,-1,935,936,937,-1,937,936,938,-1,937,938,939,-1,939,938,940,-1,939,940,941,-1,941,940,942,-1,941,942,943,-1,943,942,944,-1,943,944,945,-1,945,944,946,-1,945,946,947,-1,947,946,948,-1,947,948,949,-1,949,948,950,-1,949,950,951,-1,952,951,953,-1,953,951,950,-1,954,952,955,-1,955,952,953,-1,956,954,957,-1,957,954,955,-1,958,956,959,-1,959,956,957,-1,928,958,929,-1,929,958,959,-1,952,954,951,-1,951,954,956,-1,956,958,951,-1,951,958,928,-1,951,928,931,-1,937,939,951,-1,951,939,941,-1,951,941,943,-1,931,933,951,-1,951,933,935,-1,951,935,937,-1,943,945,951,-1,951,945,947,-1,951,947,949,-1,957,955,953,-1,953,950,957,-1,957,950,929,-1,957,929,959,-1,950,948,946,-1,940,938,950,-1,950,938,936,-1,950,936,934,-1,946,944,950,-1,950,944,942,-1,950,942,940,-1,934,932,950,-1,950,932,930,-1,950,930,929,-1,960,961,962,-1,960,962,963,-1,963,962,964,-1,963,964,965,-1,965,964,966,-1,965,966,967,-1,967,966,968,-1,967,968,969,-1,969,968,970,-1,969,970,971,-1,971,970,972,-1,971,972,973,-1,973,972,974,-1,973,974,975,-1,975,974,976,-1,975,976,977,-1,977,976,978,-1,977,978,979,-1,979,978,980,-1,979,980,981,-1,981,980,982,-1,981,982,983,-1,984,983,985,-1,985,983,982,-1,986,984,987,-1,987,984,985,-1,988,986,989,-1,989,986,987,-1,990,988,991,-1,991,988,989,-1,960,990,961,-1,961,990,991,-1,984,986,983,-1,983,986,988,-1,988,990,983,-1,983,990,960,-1,983,960,963,-1,969,971,983,-1,983,971,973,-1,983,973,975,-1,963,965,983,-1,983,965,967,-1,983,967,969,-1,975,977,983,-1,983,977,979,-1,983,979,981,-1,989,987,985,-1,985,982,989,-1,989,982,961,-1,989,961,991,-1,982,980,978,-1,972,970,982,-1,982,970,968,-1,982,968,966,-1,978,976,982,-1,982,976,974,-1,982,974,972,-1,966,964,982,-1,982,964,962,-1,982,962,961,-1,992,993,994,-1,992,994,995,-1,995,994,996,-1,995,996,997,-1,997,996,998,-1,997,998,999,-1,999,998,1000,-1,999,1000,1001,-1,1001,1000,1002,-1,1001,1002,1003,-1,1003,1002,1004,-1,1003,1004,1005,-1,1005,1004,1006,-1,1005,1006,1007,-1,1007,1006,1008,-1,1007,1008,1009,-1,1009,1008,1010,-1,1009,1010,1011,-1,1011,1010,1012,-1,1011,1012,1013,-1,1013,1012,1014,-1,1013,1014,1015,-1,1016,1015,1017,-1,1017,1015,1014,-1,1018,1016,1019,-1,1019,1016,1017,-1,1020,1018,1021,-1,1021,1018,1019,-1,1022,1020,1023,-1,1023,1020,1021,-1,992,1022,993,-1,993,1022,1023,-1,1016,1018,1015,-1,1015,1018,1020,-1,1020,1022,1015,-1,1015,1022,992,-1,1015,992,995,-1,1001,1003,1015,-1,1015,1003,1005,-1,1015,1005,1007,-1,995,997,1015,-1,1015,997,999,-1,1015,999,1001,-1,1007,1009,1015,-1,1015,1009,1011,-1,1015,1011,1013,-1,1021,1019,1017,-1,1017,1014,1021,-1,1021,1014,993,-1,1021,993,1023,-1,1014,1012,1010,-1,1004,1002,1014,-1,1014,1002,1000,-1,1014,1000,998,-1,1010,1008,1014,-1,1014,1008,1006,-1,1014,1006,1004,-1,998,996,1014,-1,1014,996,994,-1,1014,994,993,-1,1024,1025,1026,-1,1024,1026,1027,-1,1027,1026,1028,-1,1027,1028,1029,-1,1029,1028,1030,-1,1029,1030,1031,-1,1031,1030,1032,-1,1031,1032,1033,-1,1033,1032,1034,-1,1033,1034,1035,-1,1035,1034,1036,-1,1035,1036,1037,-1,1037,1036,1038,-1,1037,1038,1039,-1,1039,1038,1040,-1,1039,1040,1041,-1,1041,1040,1042,-1,1041,1042,1043,-1,1043,1042,1044,-1,1043,1044,1045,-1,1045,1044,1046,-1,1045,1046,1047,-1,1048,1047,1049,-1,1049,1047,1046,-1,1050,1048,1051,-1,1051,1048,1049,-1,1052,1050,1053,-1,1053,1050,1051,-1,1054,1052,1055,-1,1055,1052,1053,-1,1024,1054,1025,-1,1025,1054,1055,-1,1048,1050,1047,-1,1047,1050,1052,-1,1052,1054,1047,-1,1047,1054,1024,-1,1047,1024,1027,-1,1033,1035,1047,-1,1047,1035,1037,-1,1047,1037,1039,-1,1027,1029,1047,-1,1047,1029,1031,-1,1047,1031,1033,-1,1039,1041,1047,-1,1047,1041,1043,-1,1047,1043,1045,-1,1053,1051,1049,-1,1049,1046,1053,-1,1053,1046,1025,-1,1053,1025,1055,-1,1046,1044,1042,-1,1036,1034,1046,-1,1046,1034,1032,-1,1046,1032,1030,-1,1042,1040,1046,-1,1046,1040,1038,-1,1046,1038,1036,-1,1030,1028,1046,-1,1046,1028,1026,-1,1046,1026,1025,-1,1056,1057,1058,-1,1056,1058,1059,-1,1059,1058,1060,-1,1059,1060,1061,-1,1061,1060,1062,-1,1061,1062,1063,-1,1063,1062,1064,-1,1063,1064,1065,-1,1065,1064,1066,-1,1065,1066,1067,-1,1067,1066,1068,-1,1067,1068,1069,-1,1069,1068,1070,-1,1069,1070,1071,-1,1071,1070,1072,-1,1071,1072,1073,-1,1073,1072,1074,-1,1073,1074,1075,-1,1075,1074,1076,-1,1075,1076,1077,-1,1077,1076,1078,-1,1077,1078,1079,-1,1080,1079,1081,-1,1081,1079,1078,-1,1082,1080,1083,-1,1083,1080,1081,-1,1084,1082,1085,-1,1085,1082,1083,-1,1086,1084,1087,-1,1087,1084,1085,-1,1056,1086,1057,-1,1057,1086,1087,-1,1080,1082,1079,-1,1079,1082,1084,-1,1084,1086,1079,-1,1079,1086,1056,-1,1079,1056,1059,-1,1065,1067,1079,-1,1079,1067,1069,-1,1079,1069,1071,-1,1059,1061,1079,-1,1079,1061,1063,-1,1079,1063,1065,-1,1071,1073,1079,-1,1079,1073,1075,-1,1079,1075,1077,-1,1085,1083,1081,-1,1081,1078,1085,-1,1085,1078,1057,-1,1085,1057,1087,-1,1078,1076,1074,-1,1068,1066,1078,-1,1078,1066,1064,-1,1078,1064,1062,-1,1074,1072,1078,-1,1078,1072,1070,-1,1078,1070,1068,-1,1062,1060,1078,-1,1078,1060,1058,-1,1078,1058,1057,-1,1088,1089,1090,-1,1088,1090,1091,-1,1091,1090,1092,-1,1091,1092,1093,-1,1093,1092,1094,-1,1093,1094,1095,-1,1095,1094,1096,-1,1095,1096,1097,-1,1097,1096,1098,-1,1097,1098,1099,-1,1099,1098,1100,-1,1099,1100,1101,-1,1101,1100,1102,-1,1101,1102,1103,-1,1103,1102,1104,-1,1103,1104,1105,-1,1105,1104,1106,-1,1105,1106,1107,-1,1107,1106,1108,-1,1107,1108,1109,-1,1109,1108,1110,-1,1109,1110,1111,-1,1112,1111,1113,-1,1113,1111,1110,-1,1114,1112,1115,-1,1115,1112,1113,-1,1116,1114,1117,-1,1117,1114,1115,-1,1118,1116,1119,-1,1119,1116,1117,-1,1088,1118,1089,-1,1089,1118,1119,-1,1112,1114,1111,-1,1111,1114,1116,-1,1116,1118,1111,-1,1111,1118,1088,-1,1111,1088,1091,-1,1097,1099,1111,-1,1111,1099,1101,-1,1111,1101,1103,-1,1091,1093,1111,-1,1111,1093,1095,-1,1111,1095,1097,-1,1103,1105,1111,-1,1111,1105,1107,-1,1111,1107,1109,-1,1117,1115,1113,-1,1113,1110,1117,-1,1117,1110,1089,-1,1117,1089,1119,-1,1110,1108,1106,-1,1100,1098,1110,-1,1110,1098,1096,-1,1110,1096,1094,-1,1106,1104,1110,-1,1110,1104,1102,-1,1110,1102,1100,-1,1094,1092,1110,-1,1110,1092,1090,-1,1110,1090,1089,-1,1120,1121,1122,-1,1120,1122,1123,-1,1123,1122,1124,-1,1123,1124,1125,-1,1125,1124,1126,-1,1125,1126,1127,-1,1127,1126,1128,-1,1127,1128,1129,-1,1129,1128,1130,-1,1129,1130,1131,-1,1131,1130,1132,-1,1131,1132,1133,-1,1133,1132,1134,-1,1133,1134,1135,-1,1135,1134,1136,-1,1135,1136,1137,-1,1137,1136,1138,-1,1137,1138,1139,-1,1139,1138,1140,-1,1139,1140,1141,-1,1141,1140,1142,-1,1141,1142,1143,-1,1144,1143,1145,-1,1145,1143,1142,-1,1146,1144,1147,-1,1147,1144,1145,-1,1148,1146,1149,-1,1149,1146,1147,-1,1150,1148,1151,-1,1151,1148,1149,-1,1120,1150,1121,-1,1121,1150,1151,-1,1144,1146,1143,-1,1143,1146,1148,-1,1148,1150,1143,-1,1143,1150,1120,-1,1143,1120,1123,-1,1129,1131,1143,-1,1143,1131,1133,-1,1143,1133,1135,-1,1123,1125,1143,-1,1143,1125,1127,-1,1143,1127,1129,-1,1135,1137,1143,-1,1143,1137,1139,-1,1143,1139,1141,-1,1149,1147,1145,-1,1145,1142,1149,-1,1149,1142,1121,-1,1149,1121,1151,-1,1142,1140,1138,-1,1132,1130,1142,-1,1142,1130,1128,-1,1142,1128,1126,-1,1138,1136,1142,-1,1142,1136,1134,-1,1142,1134,1132,-1,1126,1124,1142,-1,1142,1124,1122,-1,1142,1122,1121,-1,
        ]
    }
}
Shape{
    appearance Appearance {
        material  Material 	{
            diffuseColor 0.8313725490196079 0.8313725490196079 0.8196078431372549
            specularColor 0.6666666666666666 0.6666666666666666 0.6549019607843137
            ambientIntensity 0.83
            transparency 0.0
            shininess 0.5
        }
    }
    geometry IndexedFaceSet {
        ccw TRUE
        solid FALSE
        coord DEF co Coordinate {
            point [
                -4.5866 -0.939 0.0591, -4.5866 -0.939 0.0118, -4.5861 -0.943 0.0118, -4.5861 -0.943 0.0591, -4.5845 -0.9468 0.0118, -4.5845 -0.9468 0.0591, -4.582 -0.9501 0.0118, -4.582 -0.9501 0.0591, -4.5787 -0.9526 0.0118, -4.5787 -0.9526 0.0591, -4.5749 -0.9542 0.0118, -4.5749 -0.9542 0.0591, -4.5709 -0.9547 0.0118, -4.5709 -0.9547 0.0591, -4.5866 -0.3405 0.0591, -4.5866 -0.3405 0.0118, -4.5709 -0.3248 0.0591, -4.5709 -0.3248 0.0118, -4.5749 -0.3253 0.0118, -4.5749 -0.3253 0.0591, -4.5787 -0.3269 0.0118, -4.5787 -0.3269 0.0591, -4.582 -0.3294 0.0118, -4.582 -0.3294 0.0591, -4.5845 -0.3327 0.0118, -4.5845 -0.3327 0.0591, -4.5861 -0.3365 0.0118, -4.5861 -0.3365 0.0591, -4.4449 -0.3248 0.0591, -4.4449 -0.3248 0.0118, -4.4291 -0.3405 0.0591, -4.4291 -0.3405 0.0118, -4.4297 -0.3365 0.0118, -4.4297 -0.3365 0.0591, -4.4312 -0.3327 0.0118, -4.4312 -0.3327 0.0591, -4.4337 -0.3294 0.0118, -4.4337 -0.3294 0.0591, -4.437 -0.3269 0.0118, -4.437 -0.3269 0.0591, -4.4408 -0.3253 0.0118, -4.4408 -0.3253 0.0591, -4.4291 -0.624 0.0591, -4.4291 -0.624 0.0118, -4.4134 -0.6398 0.0591, -4.4134 -0.6398 0.0118, -4.4175 -0.6392 0.0591, -4.4175 -0.6392 0.0118, -4.4212 -0.6377 0.0591, -4.4212 -0.6377 0.0118, -4.4245 -0.6351 0.0591, -4.4245 -0.6351 0.0118, -4.427 -0.6319 0.0591, -4.427 -0.6319 0.0118, -4.4286 -0.6281 0.0591, -4.4286 -0.6281 0.0118, -4.311 -0.6398 0.0591, -4.311 -0.6398 0.7047, -4.2323 -0.6398 0.7047, -4.2716 -0.6398 0.0118, -4.2615 -0.6398 0.0132, -4.2323 -0.6398 0.0512, -4.2336 -0.6398 0.041, -4.2375 -0.6398 0.0315, -4.2438 -0.6398 0.0233, -4.252 -0.6398 0.0171, -4.2323 -0.9547 0.0512, -4.2323 -0.9547 0.0591, -4.2323 -1.3878 0.0591, -4.2323 -1.3878 0.7047, -4.311 -0.9547 0.0591, -4.2336 -0.9547 0.041, -4.2716 -0.9547 0.0118, -4.2615 -0.9547 0.0132, -4.252 -0.9547 0.0171, -4.2438 -0.9547 0.0233, -4.2375 -0.9547 0.0315, -4.311 -1.3878 0.0591, -4.311 -1.3878 0.7047
            ]
        }
        coordIndex [
            0,1,2,-1,0,2,3,-1,3,2,4,-1,3,4,5,-1,5,4,6,-1,5,6,7,-1,7,6,8,-1,7,8,9,-1,9,8,10,-1,9,10,11,-1,11,10,12,-1,11,12,13,-1,14,15,0,-1,0,15,1,-1,16,17,18,-1,16,18,19,-1,19,18,20,-1,19,20,21,-1,21,20,22,-1,21,22,23,-1,23,22,24,-1,23,24,25,-1,25,24,26,-1,25,26,27,-1,27,26,15,-1,27,15,14,-1,28,29,16,-1,16,29,17,-1,30,31,32,-1,30,32,33,-1,33,32,34,-1,33,34,35,-1,35,34,36,-1,35,36,37,-1,37,36,38,-1,37,38,39,-1,39,38,40,-1,39,40,41,-1,41,40,29,-1,41,29,28,-1,42,43,30,-1,30,43,31,-1,44,45,46,-1,46,45,47,-1,46,47,48,-1,48,47,49,-1,48,49,50,-1,50,49,51,-1,50,51,52,-1,52,51,53,-1,52,53,54,-1,54,53,55,-1,54,55,42,-1,42,55,43,-1,56,57,58,-1,45,44,59,-1,59,44,56,-1,59,56,60,-1,58,61,56,-1,56,61,62,-1,56,62,63,-1,63,64,56,-1,56,64,65,-1,56,65,60,-1,66,61,67,-1,67,61,58,-1,67,58,68,-1,68,58,69,-1,70,13,12,-1,66,67,70,-1,66,70,71,-1,12,72,70,-1,70,72,73,-1,70,73,74,-1,74,75,70,-1,70,75,76,-1,70,76,71,-1,32,31,29,-1,29,31,17,-1,43,55,1,-1,1,55,53,-1,8,6,47,-1,43,1,31,-1,31,1,15,-1,31,15,17,-1,29,40,38,-1,22,15,24,-1,24,15,26,-1,38,36,29,-1,29,36,34,-1,29,34,32,-1,59,72,45,-1,45,72,12,-1,45,12,47,-1,47,12,10,-1,47,10,8,-1,22,20,15,-1,15,20,18,-1,15,18,17,-1,53,51,1,-1,1,51,49,-1,1,49,2,-1,2,49,47,-1,2,47,4,-1,4,47,6,-1,25,27,14,-1,46,13,44,-1,44,13,70,-1,44,70,56,-1,48,50,0,-1,0,50,52,-1,52,54,0,-1,0,54,42,-1,0,42,14,-1,14,42,30,-1,5,7,46,-1,35,28,33,-1,33,28,30,-1,7,9,46,-1,46,9,11,-1,46,11,13,-1,35,37,28,-1,28,37,39,-1,28,39,41,-1,30,28,14,-1,14,28,16,-1,14,16,19,-1,48,0,46,-1,46,0,3,-1,46,3,5,-1,19,21,14,-1,14,21,23,-1,14,23,25,-1,67,68,70,-1,70,68,77,-1,77,78,70,-1,70,78,57,-1,70,57,56,-1,69,58,78,-1,78,58,57,-1,77,68,78,-1,78,68,69,-1,61,66,71,-1,61,71,62,-1,62,71,76,-1,62,76,63,-1,63,76,75,-1,63,75,64,-1,64,75,74,-1,64,74,65,-1,65,74,73,-1,65,73,60,-1,60,73,72,-1,60,72,59,-1,
        ]
    }
}
Shape{
    appearance Appearance {
        material  Material 	{
            diffuseColor 0.20784313725490197 0.20784313725490197 0.20784313725490197
            specularColor 0.01568627450980392 0.01568627450980392 0.01568627450980392
            ambientIntensity 0.298
            transparency 0.0
            shininess 0.5
        }
    }
    geometry IndexedFaceSet {
        ccw TRUE
        solid FALSE
        coord DEF co Coordinate {
            point [
                4.1339 0.3248 0.7874, 4.1339 -0.0886 0.7874, 4.3701 -0.0886 0.7874, -4.3701 -0.0886 0.7874, -4.1338 -0.0886 0.7874, -4.3701 0.6595 0.7874, -4.1338 0.3248 0.7874, 4.3701 0.6595 0.7874, 4.3681 0.677 0.7874, 4.3623 0.6936 0.7874, 4.3529 0.7085 0.7874, 4.3404 0.721 0.7874, 4.3255 0.7304 0.7874, -4.2913 0.7382 0.7874, 4.2913 0.7382 0.7874, 4.3089 0.7362 0.7874, -4.3117 0.7355 0.7874, -4.3307 0.7276 0.7874, -4.347 0.7151 0.7874, -4.3595 0.6988 0.7874, -4.3674 0.6798 0.7874, -4.1338 -0.0886 0.315, -4.3701 -0.0886 0.315, -4.1338 0.2461 0.315, -4.3701 0.4232 0.315, 4.1339 0.2461 0.315, 4.3701 0.4232 0.315, 4.1339 -0.0886 0.315, 4.3701 -0.0886 0.315, -4.3701 -0.1673 0.4567, -4.1338 -0.1673 0.4567, 4.1339 -0.1673 0.4567, 4.3701 -0.1673 0.4567, -4.3701 0.6595 0.625, -4.3701 -0.1673 0.7087, -4.3701 -0.1646 0.729, -4.3701 -0.1568 0.748, -4.3701 -0.1443 0.7643, -4.3701 -0.1279 0.7769, -4.3701 -0.109 0.7847, 4.3701 -0.1646 0.729, 4.3701 -0.1673 0.7087, 4.3701 -0.1279 0.7769, 4.3701 -0.1443 0.7643, 4.3701 -0.1568 0.748, 4.3701 0.6595 0.625, 4.3701 -0.109 0.7847, 4.2913 0.7382 0.7283, -4.2913 0.7382 0.7283, -4.3595 0.6988 0.6767, -4.347 0.7151 0.6981, -4.3393 0.7219 0.707, -4.3307 0.7276 0.7145, -4.3674 0.6798 0.6517, -4.3215 0.7322 0.7205, -4.3117 0.7355 0.7248, -4.3016 0.7375 0.7275, 4.3002 0.7377 0.7277, 4.3623 0.6936 0.6698, 4.3681 0.677 0.648, 4.3089 0.7362 0.7258, 4.3174 0.7338 0.7225, 4.3529 0.7085 0.6894, 4.3255 0.7304 0.7181, 4.3404 0.721 0.7058, 4.1339 -0.1673 0.7087, -4.1338 -0.1673 0.7087, -4.1338 0.2461 0.7087, -4.1338 -0.1646 0.729, -4.1338 -0.109 0.7847, -4.1338 -0.1279 0.7769, -4.1338 -0.1443 0.7643, -4.1338 -0.1568 0.748, 4.1339 0.2461 0.7087, 4.1339 -0.109 0.7847, 4.1339 -0.1646 0.729, 4.1339 -0.1568 0.748, 4.1339 -0.1443 0.7643, 4.1339 -0.1279 0.7769
            ]
        }
        coordIndex [
            0,1,2,-1,3,4,5,-1,5,4,6,-1,2,7,0,-1,0,7,8,-1,0,8,9,-1,9,10,0,-1,0,10,11,-1,0,11,12,-1,13,6,14,-1,14,6,0,-1,14,0,15,-1,15,0,12,-1,13,16,6,-1,6,16,17,-1,6,17,18,-1,18,19,6,-1,6,19,20,-1,6,20,5,-1,21,22,23,-1,23,22,24,-1,23,24,25,-1,25,24,26,-1,25,26,27,-1,27,26,28,-1,29,22,30,-1,30,22,21,-1,31,27,32,-1,32,27,28,-1,3,5,33,-1,33,24,22,-1,22,29,33,-1,33,29,34,-1,33,34,3,-1,3,34,35,-1,3,35,36,-1,37,38,36,-1,36,38,39,-1,36,39,3,-1,40,41,2,-1,42,43,44,-1,28,26,32,-1,32,26,45,-1,32,45,41,-1,41,45,7,-1,41,7,2,-1,40,2,44,-1,44,2,46,-1,44,46,42,-1,47,48,14,-1,14,48,13,-1,48,47,45,-1,49,50,48,-1,48,50,51,-1,48,51,52,-1,26,24,45,-1,45,24,33,-1,45,33,48,-1,48,33,53,-1,48,53,49,-1,52,54,48,-1,48,54,55,-1,48,55,56,-1,57,58,47,-1,47,58,59,-1,47,59,45,-1,57,60,58,-1,58,60,61,-1,58,61,62,-1,62,61,63,-1,62,63,64,-1,65,31,41,-1,41,31,32,-1,34,29,66,-1,66,29,30,-1,21,23,30,-1,30,23,67,-1,30,67,66,-1,66,67,68,-1,6,4,67,-1,67,4,69,-1,67,69,70,-1,70,71,67,-1,67,71,72,-1,67,72,68,-1,67,23,73,-1,73,23,25,-1,74,1,73,-1,73,1,0,-1,25,27,31,-1,75,76,73,-1,25,31,73,-1,73,31,65,-1,73,65,75,-1,76,77,73,-1,73,77,78,-1,73,78,74,-1,73,0,67,-1,67,0,6,-1,34,66,68,-1,34,68,35,-1,35,68,72,-1,35,72,36,-1,36,72,71,-1,36,71,37,-1,37,71,70,-1,37,70,38,-1,38,70,69,-1,38,69,39,-1,39,69,4,-1,39,4,3,-1,65,41,40,-1,65,40,75,-1,75,40,44,-1,75,44,76,-1,76,44,43,-1,76,43,77,-1,77,43,42,-1,77,42,78,-1,78,42,46,-1,78,46,74,-1,74,46,2,-1,74,2,1,-1,47,14,57,-1,57,14,15,-1,57,15,60,-1,60,15,61,-1,61,15,12,-1,61,12,63,-1,63,12,11,-1,63,11,64,-1,64,11,10,-1,64,10,62,-1,62,10,9,-1,62,9,58,-1,58,9,8,-1,58,8,59,-1,59,8,7,-1,59,7,45,-1,33,5,20,-1,33,20,53,-1,53,20,19,-1,53,19,49,-1,49,19,18,-1,49,18,50,-1,17,52,18,-1,18,52,51,-1,18,51,50,-1,16,13,48,-1,48,56,16,-1,16,56,55,-1,16,55,17,-1,17,55,54,-1,17,54,52,-1,
        ]
    }
}
Shape{
    appearance Appearance {
        material  Material 	{
            diffuseColor 0.8431372549019608 0.8156862745098039 0.7529411764705882
            specularColor 0.25098039215686274 0.24313725490196078 0.22745098039215686
            ambientIntensity 0.8167
            transparency 0.0
            shininess 0.5
        }
    }
    geometry IndexedFaceSet {
        ccw TRUE
        solid FALSE
        coord DEF co Coordinate {
            point [
                4.3898 0.5413 0.6299, 4.3898 0.5413 0.7874, 4.5473 0.5413 0.6299, 4.626 0.5413 0.7874, 4.5473 0.5413 0.1575, 4.626 0.5413 0.0591, 4.3701 0.5413 0.1575, 4.3701 0.5413 0.0591, -4.3701 0.5413 0.1575, -4.3701 0.5413 0.0591, -4.5472 0.5413 0.1575, -4.626 0.5413 0.0591, -4.5472 0.5413 0.6299, -4.626 0.5413 0.7874, -4.3898 0.5413 0.6299, -4.3898 0.5413 0.7874, 4.1339 -0.6004 0.6496, 4.1339 -0.2014 0.6496, 4.1339 -0.6004 0.6299, 4.1339 -0.2014 0.6299, -4.1338 -0.6004 0.6299, -4.1338 -0.2014 0.6299, -4.1338 -0.6004 0.6496, -4.1338 -0.2014 0.6496, 0.2429 -0.0904 0.0, 0.2217 -0.0904 0.0, 0.0819 -0.0895 0.0, 0.0841 -0.0897 0.0, 0.0662 -0.0895 0.0, 0.0612 -0.0901 0.0, 0.0053 -0.0904 0.0, 0.0522 -0.0937 0.0, 0.044 -0.0996 0.0, 0.0363 -0.1084 0.0, 0.0311 -0.1189 0.0, 0.0278 -0.1338 0.0, 0.0274 -0.1466 0.0, 0.0053 -0.2479 0.0, 0.0998 -0.1275 0.0, 0.1038 -0.1434 0.0, 0.0476 -0.1853 0.0, 0.1057 -0.1724 0.0, 0.0484 -0.2002 0.0, 0.1033 -0.2014 0.0, 0.0579 -0.2247 0.0, 0.0999 -0.2132 0.0, 0.2217 -0.2304 0.0, 0.1471 -0.2304 0.0, 0.1058 -0.2381 0.0, 0.114 -0.2294 0.0, 0.1199 -0.2194 0.0, 0.1253 -0.2024 0.0, 0.0541 -0.2201 0.0, 0.0511 -0.2135 0.0, 0.1116 -0.1084 0.0, 0.1028 -0.099 0.0, 0.0938 -0.0931 0.0, 0.1278 -0.1742 0.0, 0.1253 -0.1432 0.0, 0.1195 -0.1224 0.0, 0.0799 -0.2317 0.0, 0.0744 -0.2322 0.0, -0.0992 -0.0895 0.0, -0.084 -0.0904 0.0, -0.084 -0.1079 0.0, -0.0887 -0.2304 0.0, -0.0887 -0.2479 0.0, -0.0992 -1.3878 0.0, -0.0159 -0.1742 0.0, -0.0159 -0.2304 0.0, -0.0785 -0.1742 0.0, -0.0785 -0.1567 0.0, -0.0159 -0.1567 0.0, -0.0159 -0.1079 0.0, 0.0851 -0.2299 0.0, 0.0958 -0.2205 0.0, 0.0901 -0.2266 0.0, 0.0488 -0.1311 0.0, 0.0515 -0.1213 0.0, 0.0721 -0.1061 0.0, 0.0541 -0.1162 0.0, 0.0661 -0.107 0.0, 0.0573 -0.1121 0.0, 0.0614 -0.109 0.0, 0.0802 -0.1069 0.0, 0.0854 -0.1091 0.0, 0.0476 -0.1466 0.0, 0.0903 -0.1127 0.0, 0.0951 -0.1183 0.0, 0.0686 -0.2314 0.0, 0.0636 -0.2292 0.0, 0.0734 -0.1061 0.0, 0.0265 -0.1853 0.0, 0.0285 -0.2066 0.0, 0.0327 -0.2213 0.0, 0.0379 -0.231 0.0, 0.046 -0.2395 0.0, 0.0555 -0.2457 0.0, 0.0649 -0.2488 0.0, 0.0744 -0.2497 0.0, 0.0865 -0.2482 0.0, 4.0354 -0.0895 0.0, 4.0354 -1.3878 0.0, 0.2429 -0.2479 0.0, 0.1471 -0.2479 0.0, 0.0968 -0.2443 0.0, 4.0354 0.4232 0.0, -0.0992 0.4232 0.0, 0.0734 -0.0886 0.0, -0.183 -0.1013 0.0, -0.191 -0.1085 0.0, -0.2661 -0.0895 0.0, -0.1978 -0.1184 0.0, -0.2038 -0.1346 0.0, -0.202 -0.2088 0.0, -0.1964 -0.2212 0.0, -0.2203 -0.2479 0.0, -0.2959 -0.1991 0.0, -0.2553 -0.1991 0.0, -0.2425 -0.2479 0.0, -0.1411 -0.0904 0.0, -0.1583 -0.0918 0.0, -0.1724 -0.0957 0.0, -0.1098 -0.0904 0.0, -0.1098 -0.2479 0.0, -0.1411 -0.2479 0.0, -0.1509 -0.2474 0.0, -0.1681 -0.2435 0.0, -0.1898 -0.2297 0.0, -0.1806 -0.2372 0.0, -0.2074 -0.1653 0.0, -0.2075 -0.1696 0.0, -0.2059 -0.1922 0.0, -0.2664 -0.0886 0.0, -0.2848 -0.0886 0.0, -0.3088 -0.2479 0.0, -0.3309 -0.2479 0.0, -4.0354 -1.3878 0.0, -0.2851 -0.0895 0.0, -4.0354 -0.0895 0.0, -4.0354 0.4232 0.0, 4.1195 -0.187 0.7874, 4.1155 -0.1775 0.7874, -4.0354 -1.3091 0.7874, -4.3701 -0.2014 0.7874, -4.1535 -1.3878 0.7874, -4.3782 -0.1952 0.7874, -4.626 -1.3878 0.7874, -4.3845 -0.187 0.7874, -4.3884 -0.1775 0.7874, -4.3898 -0.1673 0.7874, 4.0354 -1.3091 0.7874, 4.1339 -0.2014 0.7874, 4.1257 -0.1952 0.7874, 4.3884 -0.1775 0.7874, 4.626 -1.3878 0.7874, 4.3898 -0.1673 0.7874, 4.3845 -0.187 0.7874, 4.3782 -0.1952 0.7874, 4.1536 -1.3878 0.7874, -4.1155 -0.1775 0.7874, -4.1194 -0.187 0.7874, -4.1257 -0.1952 0.7874, 4.3701 -0.2014 0.7874, 4.3606 -0.2053 0.7874, 4.3504 -0.2067 0.7874, 4.1027 0.2148 0.7874, 4.1142 -0.1673 0.7874, 4.1089 0.2067 0.7874, 4.1142 0.187 0.7874, 4.1128 0.1972 0.7874, -4.1338 -0.2014 0.7874, -4.1433 -0.2053 0.7874, -4.1535 -0.2067 0.7874, 4.1536 -0.2067 0.7874, 4.1434 -0.2053 0.7874, -4.3504 -0.2067 0.7874, -4.3606 -0.2053 0.7874, 4.0945 0.2211 0.7874, 4.085 0.225 0.7874, 4.0748 0.2264 0.7874, -4.1128 0.1972 0.7874, -4.1142 0.187 0.7874, -4.0748 0.2264 0.7874, -4.1142 -0.1673 0.7874, -4.0945 0.2211 0.7874, -4.1026 0.2148 0.7874, -4.1089 0.2067 0.7874, -4.085 0.225 0.7874, 4.2284 -0.9941 0.6299, 4.1339 -0.9941 0.6299, 4.2284 -0.6398 0.6299, 4.5473 -0.9941 0.6299, 4.315 -0.6398 0.6299, 4.315 -0.9941 0.6299, 4.3701 -0.2014 0.6299, 4.3782 -0.1952 0.6299, 4.3845 -0.187 0.6299, 4.3884 -0.1775 0.6299, 4.3898 -0.1673 0.6299, 4.1434 -0.2053 0.6299, 4.1536 -0.2067 0.6299, 4.3504 -0.2067 0.6299, 4.3606 -0.2053 0.6299, 4.0551 -0.6004 0.6496, 4.0551 -1.3222 0.6496, 4.0354 -1.3091 0.6496, 4.1142 -0.1673 0.6496, 4.1155 -0.1775 0.6496, 4.0847 -0.2067 0.6496, 3.9862 -0.2067 0.6496, 3.8878 -1.3091 0.6496, 3.8878 0.2264 0.6496, 3.9862 0.2264 0.6496, 4.1142 0.187 0.6496, 4.1257 -0.1952 0.6496, 4.1195 -0.187 0.6496, 4.1027 0.2148 0.6496, 4.1089 0.2067 0.6496, 4.0945 0.2211 0.6496, 4.085 0.225 0.6496, 4.0847 0.2251 0.6496, 4.1128 0.1972 0.6496, 3.7894 -1.3878 0.0906, 3.691 -1.3878 0.0906, 3.7894 -1.3878 0.0787, 3.691 -1.3878 0.0787, 4.1536 -1.3878 0.0906, 4.2284 -1.3878 0.0591, 4.0354 -1.3878 0.0591, 3.8878 -1.3878 0.0906, 4.2284 -1.3878 0.7087, 4.315 -1.3878 0.7087, 4.5473 -1.3878 0.2953, 4.626 -1.3878 0.0591, 4.5473 -1.3878 0.0984, 4.315 -1.3878 0.0591, 4.374 -1.3878 0.0984, 4.374 -1.3878 0.2953, 3.1988 -1.3878 0.0787, 3.1988 -1.3878 0.0906, 3.1004 -1.3878 0.0906, 3.8878 -1.3878 0.0787, 3.5925 -1.3878 0.0787, 3.5925 -1.3878 0.0906, 3.4941 -1.3878 0.0906, 3.4941 -1.3878 0.0787, 3.3957 -1.3878 0.0787, 2.6083 -1.3878 0.0787, 2.6083 -1.3878 0.0906, 2.5099 -1.3878 0.0906, 3.1004 -1.3878 0.0787, 3.002 -1.3878 0.0787, 3.2973 -1.3878 0.0787, 3.2973 -1.3878 0.0906, 3.3957 -1.3878 0.0906, 3.002 -1.3878 0.0906, 2.9036 -1.3878 0.0906, 2.9036 -1.3878 0.0787, 2.8051 -1.3878 0.0787, 2.2146 -1.3878 0.0787, 2.2146 -1.3878 0.0906, 2.1162 -1.3878 0.0906, 2.5099 -1.3878 0.0787, 2.4114 -1.3878 0.0787, 2.7067 -1.3878 0.0787, 2.7067 -1.3878 0.0906, 2.8051 -1.3878 0.0906, 2.1162 -1.3878 0.0787, 2.0177 -1.3878 0.0787, 1.8209 -1.3878 0.0787, 1.8209 -1.3878 0.0906, 1.7225 -1.3878 0.0906, 2.313 -1.3878 0.0787, 2.313 -1.3878 0.0906, 2.4114 -1.3878 0.0906, 1.7225 -1.3878 0.0787, 1.624 -1.3878 0.0787, 2.0177 -1.3878 0.0906, 1.9193 -1.3878 0.0906, 1.9193 -1.3878 0.0787, 1.4272 -1.3878 0.0787, 1.4272 -1.3878 0.0906, 1.3288 -1.3878 0.0906, 1.3288 -1.3878 0.0787, 1.2303 -1.3878 0.0787, 1.5256 -1.3878 0.0787, 1.5256 -1.3878 0.0906, 1.624 -1.3878 0.0906, 1.0335 -1.3878 0.0787, 1.0335 -1.3878 0.0906, 0.935 -1.3878 0.0906, 0.935 -1.3878 0.0787, 0.8366 -1.3878 0.0787, 1.1319 -1.3878 0.0787, 1.1319 -1.3878 0.0906, 1.2303 -1.3878 0.0906, 0.6398 -1.3878 0.0787, 0.6398 -1.3878 0.0906, 0.5413 -1.3878 0.0906, 0.5413 -1.3878 0.0787, 0.4429 -1.3878 0.0787, 0.7382 -1.3878 0.0787, 0.7382 -1.3878 0.0906, 0.8366 -1.3878 0.0906, 0.2461 -1.3878 0.0787, 0.2461 -1.3878 0.0906, 0.1476 -1.3878 0.0906, 0.1476 -1.3878 0.0787, 0.0492 -1.3878 0.0787, 0.3445 -1.3878 0.0787, 0.3445 -1.3878 0.0906, 0.4429 -1.3878 0.0906, -0.1476 -1.3878 0.0906, -0.2461 -1.3878 0.0906, -0.1476 -1.3878 0.0787, -0.2461 -1.3878 0.0787, -0.7382 -1.3878 0.0787, -0.7382 -1.3878 0.0906, -0.8366 -1.3878 0.0906, 0.0492 -1.3878 0.0906, -0.0492 -1.3878 0.0906, -0.0492 -1.3878 0.0787, -0.3445 -1.3878 0.0787, -0.3445 -1.3878 0.0906, -0.4429 -1.3878 0.0906, -0.4429 -1.3878 0.0787, -0.5413 -1.3878 0.0787, -1.3287 -1.3878 0.0787, -1.3287 -1.3878 0.0906, -1.4272 -1.3878 0.0906, -0.8366 -1.3878 0.0787, -0.935 -1.3878 0.0787, -0.6398 -1.3878 0.0787, -0.6398 -1.3878 0.0906, -0.5413 -1.3878 0.0906, -0.935 -1.3878 0.0906, -1.0335 -1.3878 0.0906, -1.0335 -1.3878 0.0787, -1.1319 -1.3878 0.0787, -1.7224 -1.3878 0.0787, -1.7224 -1.3878 0.0906, -1.8209 -1.3878 0.0906, -1.4272 -1.3878 0.0787, -1.5256 -1.3878 0.0787, -1.2303 -1.3878 0.0787, -1.2303 -1.3878 0.0906, -1.1319 -1.3878 0.0906, -1.8209 -1.3878 0.0787, -1.9193 -1.3878 0.0787, -1.624 -1.3878 0.0787, -1.624 -1.3878 0.0906, -1.5256 -1.3878 0.0906, -2.313 -1.3878 0.0787, -2.313 -1.3878 0.0906, -2.4114 -1.3878 0.0906, -2.4114 -1.3878 0.0787, -2.5098 -1.3878 0.0787, -1.9193 -1.3878 0.0906, -2.0177 -1.3878 0.0906, -2.0177 -1.3878 0.0787, -2.1161 -1.3878 0.0787, -2.2146 -1.3878 0.0787, -2.2146 -1.3878 0.0906, -2.1161 -1.3878 0.0906, -2.7067 -1.3878 0.0787, -2.7067 -1.3878 0.0906, -2.8051 -1.3878 0.0906, -2.8051 -1.3878 0.0787, -2.9035 -1.3878 0.0787, -2.6083 -1.3878 0.0787, -2.6083 -1.3878 0.0906, -2.5098 -1.3878 0.0906, -3.1004 -1.3878 0.0787, -3.1004 -1.3878 0.0906, -3.1988 -1.3878 0.0906, -3.1988 -1.3878 0.0787, -3.2972 -1.3878 0.0787, -3.002 -1.3878 0.0787, -3.002 -1.3878 0.0906, -2.9035 -1.3878 0.0906, -3.4941 -1.3878 0.0787, -3.4941 -1.3878 0.0906, -3.5925 -1.3878 0.0906, -3.5925 -1.3878 0.0787, -3.6909 -1.3878 0.0787, -3.3957 -1.3878 0.0787, -3.3957 -1.3878 0.0906, -3.2972 -1.3878 0.0906, -4.5472 -1.3878 0.2953, -4.626 -1.3878 0.0591, -4.315 -1.3878 0.7087, -4.374 -1.3878 0.2953, -4.315 -1.3878 0.0591, -4.374 -1.3878 0.0984, -4.5472 -1.3878 0.0984, -3.6909 -1.3878 0.0906, -3.7894 -1.3878 0.0906, -3.7894 -1.3878 0.0787, -3.8878 -1.3878 0.0787, -4.0354 -1.3878 0.0591, -3.8878 -1.3878 0.0906, -4.1535 -1.3878 0.0906, -4.2283 -1.3878 0.7087, -4.2283 -1.3878 0.0591, -3.2972 -1.3209 0.1575, -3.2972 0.4626 0.1575, -3.3957 -1.3209 0.1575, -3.3957 0.4626 0.1575, -3.4941 -1.3209 0.1575, -3.4941 0.4626 0.1575, -3.5925 -1.3209 0.1575, -3.5925 0.4626 0.1575, -3.4941 0.4626 0.0787, -3.3957 0.4626 0.0787, -3.6909 -1.3209 0.1575, -3.6909 0.4626 0.1575, -3.7894 -1.3209 0.1575, -3.7894 0.4626 0.1575, -3.6909 0.4626 0.0787, -3.5925 0.4626 0.0787, -4.2283 -0.6398 0.1575, -4.2283 -0.9941 0.1575, -4.1338 -0.9941 0.1575, -4.252 -0.0492 0.1575, -4.1338 -0.6004 0.1575, -4.0551 -0.6004 0.1575, -4.374 -0.9941 0.1575, -4.315 -0.9941 0.1575, -4.315 -0.6398 0.1575, -4.3701 -0.0492 0.1575, -4.5472 -0.2067 0.1575, -4.3681 -0.0645 0.1575, -4.3622 -0.0787 0.1575, -4.252 0.4626 0.1575, -3.8878 0.4626 0.1575, -3.8878 -1.3209 0.1575, -4.0551 -1.3209 0.1575, -4.254 -0.0645 0.1575, -4.2599 -0.0787 0.1575, -4.2693 -0.091 0.1575, -4.2815 -0.1004 0.1575, -4.374 -0.2067 0.1575, -4.2957 -0.1063 0.1575, -4.311 -0.1083 0.1575, -4.3263 -0.1063 0.1575, -4.3405 -0.1004 0.1575, -4.3528 -0.091 0.1575, -3.8878 0.4626 0.0787, -3.7894 0.4626 0.0787, -4.0354 0.4626 0.0591, -4.0354 0.4626 0.0079, -4.0354 0.4232 0.0079, -4.2283 -0.6398 0.0591, -4.3701 -0.0492 0.0591, -4.315 -0.6398 0.0591, -4.3681 -0.0645 0.0591, -4.2815 -0.1004 0.0591, -4.2693 -0.091 0.0591, -4.2599 -0.0787 0.0591, -4.254 -0.0645 0.0591, -4.252 -0.0492 0.0591, -4.252 0.4626 0.0591, -4.3622 -0.0787 0.0591, -4.3528 -0.091 0.0591, -4.3405 -0.1004 0.0591, -4.3263 -0.1063 0.0591, -4.311 -0.1083 0.0591, -4.2957 -0.1063 0.0591, -2.7067 -1.3209 0.1575, -2.7067 0.4626 0.1575, -2.8051 -1.3209 0.1575, -2.8051 0.4626 0.1575, -2.9035 -1.3209 0.1575, -2.9035 0.4626 0.1575, -3.002 -1.3209 0.1575, -3.002 0.4626 0.1575, -2.9035 0.4626 0.0787, -2.8051 0.4626 0.0787, -3.1004 -1.3209 0.1575, -3.1004 0.4626 0.1575, -3.1988 -1.3209 0.1575, -3.1988 0.4626 0.1575, -3.2972 0.4626 0.0787, -3.1988 0.4626 0.0787, -3.1004 0.4626 0.0787, -3.002 0.4626 0.0787, -2.5098 -1.3209 0.1575, -2.5098 0.4626 0.1575, -2.6083 -1.3209 0.1575, -2.6083 0.4626 0.1575, -2.7067 0.4626 0.0787, -2.6083 0.4626 0.0787, -2.313 -1.3209 0.1575, -2.313 0.4626 0.1575, -2.4114 -1.3209 0.1575, -2.4114 0.4626 0.1575, -2.5098 0.4626 0.0787, -2.4114 0.4626 0.0787, -2.1161 -1.3209 0.1575, -2.1161 0.4626 0.1575, -2.2146 -1.3209 0.1575, -2.2146 0.4626 0.1575, -2.313 0.4626 0.0787, -2.2146 0.4626 0.0787, -1.9193 -1.3209 0.1575, -1.9193 0.4626 0.1575, -2.0177 -1.3209 0.1575, -2.0177 0.4626 0.1575, -2.1161 0.4626 0.0787, -2.0177 0.4626 0.0787, -1.5256 -1.3209 0.1575, -1.5256 0.4626 0.1575, -1.624 -1.3209 0.1575, -1.624 0.4626 0.1575, -1.7224 -1.3209 0.1575, -1.7224 0.4626 0.1575, -1.8209 -1.3209 0.1575, -1.8209 0.4626 0.1575, -1.7224 0.4626 0.0787, -1.624 0.4626 0.0787, -1.9193 0.4626 0.0787, -1.8209 0.4626 0.0787, -4.374 -0.9941 0.2953, -4.5472 -0.9941 0.2953, -4.5472 -0.9941 0.6299, -4.315 -0.9941 0.6299, -4.5472 -0.2067 0.0984, -4.2283 -0.9941 0.6299, -4.1338 -0.9941 0.6299, -4.2283 -0.6398 0.6299, -4.315 -0.6398 0.6299, -4.3782 -0.1952 0.6299, -4.3701 -0.2014 0.6299, -4.3898 -0.1673 0.6299, -4.3884 -0.1775 0.6299, -4.3845 -0.187 0.6299, -4.3606 -0.2053 0.6299, -4.3504 -0.2067 0.6299, -4.1535 -0.2067 0.6299, -4.1433 -0.2053 0.6299, -4.315 -0.6398 0.7087, -4.2283 -0.6398 0.7087, 4.374 -0.9941 0.1575, 4.315 -0.9941 0.1575, 4.374 -0.9941 0.2953, 4.5473 -0.9941 0.2953, 4.5473 -0.2067 0.1575, 4.5473 -0.2067 0.0984, 4.1339 -0.9941 0.1575, 4.2284 -0.9941 0.1575, 4.1339 -0.6004 0.1575, 4.2284 -0.6398 0.1575, 4.252 -0.0492 0.1575, 4.252 0.4626 0.1575, 3.8878 0.4626 0.1575, 4.3701 -0.0492 0.1575, 4.3681 -0.0645 0.1575, 4.254 -0.0645 0.1575, 4.0551 -0.6004 0.1575, 3.8878 -1.3209 0.1575, 4.0551 -1.3209 0.1575, 4.3263 -0.1063 0.1575, 4.311 -0.1083 0.1575, 4.374 -0.2067 0.1575, 4.2957 -0.1063 0.1575, 4.2815 -0.1004 0.1575, 4.2693 -0.091 0.1575, 4.3622 -0.0787 0.1575, 4.3528 -0.091 0.1575, 4.3406 -0.1004 0.1575, 4.315 -0.6398 0.1575, 4.2599 -0.0787 0.1575, 4.315 -0.6398 0.0591, 4.3701 -0.0492 0.0591, 4.2284 -0.6398 0.0591, 4.0354 0.4626 0.0591, 4.3681 -0.0645 0.0591, 4.3622 -0.0787 0.0591, 4.252 0.4626 0.0591, 4.252 -0.0492 0.0591, 4.254 -0.0645 0.0591, 4.2599 -0.0787 0.0591, 4.2693 -0.091 0.0591, 4.3263 -0.1063 0.0591, 4.3406 -0.1004 0.0591, 4.3528 -0.091 0.0591, 4.2815 -0.1004 0.0591, 4.2957 -0.1063 0.0591, 4.311 -0.1083 0.0591, 4.315 -0.6398 0.7087, 4.2284 -0.6398 0.7087, -3.7894 -1.3091 0.6496, -3.7894 0.2264 0.6496, -3.6909 -1.3091 0.6496, -3.6909 0.2264 0.6496, -4.1257 -0.1952 0.6496, -4.0846 -0.2067 0.6496, -4.1194 -0.187 0.6496, -3.9862 -0.2067 0.6496, -4.0551 -0.6004 0.6496, -3.9862 0.2264 0.6496, -3.8878 0.2264 0.6496, -3.8878 -1.3091 0.6496, -4.0354 -1.3091 0.6496, -4.0551 -1.3222 0.6496, -4.1155 -0.1775 0.6496, -4.1142 -0.1673 0.6496, -4.0846 0.2251 0.6496, -4.1142 0.187 0.6496, -4.085 0.225 0.6496, -4.1128 0.1972 0.6496, -4.1089 0.2067 0.6496, -4.0945 0.2211 0.6496, -4.1026 0.2148 0.6496, -3.8878 0.2264 0.7283, -3.7894 0.2264 0.7283, -3.8878 -1.3091 0.7283, -3.7894 -1.3091 0.7283, -3.5925 -1.3091 0.6496, -3.5925 0.2264 0.6496, -3.4941 -1.3091 0.6496, -3.4941 0.2264 0.6496, -3.6909 0.2264 0.7283, -3.5925 0.2264 0.7283, -3.6909 -1.3091 0.7283, -3.5925 -1.3091 0.7283, -3.3957 -1.3091 0.6496, -3.3957 0.2264 0.6496, -3.2972 -1.3091 0.6496, -3.2972 0.2264 0.6496, -3.4941 0.2264 0.7283, -3.3957 0.2264 0.7283, -3.4941 -1.3091 0.7283, -3.3957 -1.3091 0.7283, -3.1988 -1.3091 0.6496, -3.1988 0.2264 0.6496, -3.1004 -1.3091 0.6496, -3.1004 0.2264 0.6496, -3.2972 0.2264 0.7283, -3.1988 0.2264 0.7283, -3.2972 -1.3091 0.7283, -3.1988 -1.3091 0.7283, -3.002 -1.3091 0.6496, -3.002 0.2264 0.6496, -2.9035 -1.3091 0.6496, -2.9035 0.2264 0.6496, -3.1004 0.2264 0.7283, -3.002 0.2264 0.7283, -3.1004 -1.3091 0.7283, -3.002 -1.3091 0.7283, -2.8051 -1.3091 0.6496, -2.8051 0.2264 0.6496, -2.7067 -1.3091 0.6496, -2.7067 0.2264 0.6496, -2.9035 0.2264 0.7283, -2.8051 0.2264 0.7283, -2.9035 -1.3091 0.7283, -2.8051 -1.3091 0.7283, -2.6083 -1.3091 0.6496, -2.6083 0.2264 0.6496, -2.5098 -1.3091 0.6496, -2.5098 0.2264 0.6496, -2.7067 0.2264 0.7283, -2.6083 0.2264 0.7283, -2.7067 -1.3091 0.7283, -2.6083 -1.3091 0.7283, -2.4114 -1.3091 0.6496, -2.4114 0.2264 0.6496, -2.313 -1.3091 0.6496, -2.313 0.2264 0.6496, -2.5098 0.2264 0.7283, -2.4114 0.2264 0.7283, -2.5098 -1.3091 0.7283, -2.4114 -1.3091 0.7283, -2.2146 -1.3091 0.6496, -2.2146 0.2264 0.6496, -2.1161 -1.3091 0.6496, -2.1161 0.2264 0.6496, -2.313 0.2264 0.7283, -2.2146 0.2264 0.7283, -2.313 -1.3091 0.7283, -2.2146 -1.3091 0.7283, -2.0177 -1.3091 0.6496, -2.0177 0.2264 0.6496, -1.9193 -1.3091 0.6496, -1.9193 0.2264 0.6496, -2.1161 0.2264 0.7283, -2.0177 0.2264 0.7283, -2.1161 -1.3091 0.7283, -2.0177 -1.3091 0.7283, -1.8209 -1.3091 0.6496, -1.8209 0.2264 0.6496, -1.7224 -1.3091 0.6496, -1.7224 0.2264 0.6496, -1.9193 0.2264 0.7283, -1.8209 0.2264 0.7283, -1.9193 -1.3091 0.7283, -1.8209 -1.3091 0.7283, -1.624 -1.3091 0.6496, -1.624 0.2264 0.6496, -1.5256 -1.3091 0.6496, -1.5256 0.2264 0.6496, -1.7224 0.2264 0.7283, -1.624 0.2264 0.7283, -1.7224 -1.3091 0.7283, -1.624 -1.3091 0.7283, -1.4272 -1.3091 0.6496, -1.4272 0.2264 0.6496, -1.3287 -1.3091 0.6496, -1.3287 0.2264 0.6496, -1.5256 0.2264 0.7283, -1.4272 0.2264 0.7283, -1.5256 -1.3091 0.7283, -1.4272 -1.3091 0.7283, -1.2303 -1.3091 0.6496, -1.2303 0.2264 0.6496, -1.1319 -1.3091 0.6496, -1.1319 0.2264 0.6496, -1.3287 0.2264 0.7283, -1.2303 0.2264 0.7283, -1.3287 -1.3091 0.7283, -1.2303 -1.3091 0.7283, -1.0335 -1.3091 0.6496, -1.0335 0.2264 0.6496, -0.935 -1.3091 0.6496, -0.935 0.2264 0.6496, -1.1319 0.2264 0.7283, -1.0335 0.2264 0.7283, -1.1319 -1.3091 0.7283, -1.0335 -1.3091 0.7283, -0.8366 -1.3091 0.6496, -0.8366 0.2264 0.6496, -0.7382 -1.3091 0.6496, -0.7382 0.2264 0.6496, -0.935 0.2264 0.7283, -0.8366 0.2264 0.7283, -0.935 -1.3091 0.7283, -0.8366 -1.3091 0.7283, -0.6398 -1.3091 0.6496, -0.6398 0.2264 0.6496, -0.5413 -1.3091 0.6496, -0.5413 0.2264 0.6496, -0.7382 0.2264 0.7283, -0.6398 0.2264 0.7283, -0.7382 -1.3091 0.7283, -0.6398 -1.3091 0.7283, -0.4429 -1.3091 0.6496, -0.4429 0.2264 0.6496, -0.3445 -1.3091 0.6496, -0.3445 0.2264 0.6496, -0.5413 0.2264 0.7283, -0.4429 0.2264 0.7283, -0.5413 -1.3091 0.7283, -0.4429 -1.3091 0.7283, -0.2461 -1.3091 0.6496, -0.2461 0.2264 0.6496, -0.1476 -1.3091 0.6496, -0.1476 0.2264 0.6496, -0.3445 0.2264 0.7283, -0.2461 0.2264 0.7283, -0.3445 -1.3091 0.7283, -0.2461 -1.3091 0.7283, -0.0492 -1.3091 0.6496, -0.0492 0.2264 0.6496, 0.0492 -1.3091 0.6496, 0.0492 0.2264 0.6496, -0.1476 0.2264 0.7283, -0.0492 0.2264 0.7283, -0.1476 -1.3091 0.7283, -0.0492 -1.3091 0.7283, 4.0847 0.2251 0.7283, 4.0847 -0.2067 0.7283, 4.0748 0.2264 0.7283, 3.9862 -0.2067 0.7283, 3.9862 0.2264 0.7283, 0.1476 -1.3091 0.6496, 0.1476 0.2264 0.6496, 0.2461 -1.3091 0.6496, 0.2461 0.2264 0.6496, 0.0492 0.2264 0.7283, 0.1476 0.2264 0.7283, 0.0492 -1.3091 0.7283, 0.1476 -1.3091 0.7283, 0.3445 -1.3091 0.6496, 0.3445 0.2264 0.6496, 0.4429 -1.3091 0.6496, 0.4429 0.2264 0.6496, 0.2461 0.2264 0.7283, 0.3445 0.2264 0.7283, 0.2461 -1.3091 0.7283, 0.3445 -1.3091 0.7283, 0.5413 -1.3091 0.6496, 0.5413 0.2264 0.6496, 0.6398 -1.3091 0.6496, 0.6398 0.2264 0.6496, 0.4429 0.2264 0.7283, 0.5413 0.2264 0.7283, 0.4429 -1.3091 0.7283, 0.5413 -1.3091 0.7283, 0.7382 -1.3091 0.6496, 0.7382 0.2264 0.6496, 0.8366 -1.3091 0.6496, 0.8366 0.2264 0.6496, 0.6398 0.2264 0.7283, 0.7382 0.2264 0.7283, 0.6398 -1.3091 0.7283, 0.7382 -1.3091 0.7283, 0.935 -1.3091 0.6496, 0.935 0.2264 0.6496, 1.0335 -1.3091 0.6496, 1.0335 0.2264 0.6496, 0.8366 0.2264 0.7283, 0.935 0.2264 0.7283, 0.8366 -1.3091 0.7283, 0.935 -1.3091 0.7283, 1.1319 -1.3091 0.6496, 1.1319 0.2264 0.6496, 1.2303 -1.3091 0.6496, 1.2303 0.2264 0.6496, 1.0335 0.2264 0.7283, 1.1319 0.2264 0.7283, 1.0335 -1.3091 0.7283, 1.1319 -1.3091 0.7283, 1.3288 -1.3091 0.6496, 1.3288 0.2264 0.6496, 1.4272 -1.3091 0.6496, 1.4272 0.2264 0.6496, 1.2303 0.2264 0.7283, 1.3288 0.2264 0.7283, 1.2303 -1.3091 0.7283, 1.3288 -1.3091 0.7283, 1.5256 -1.3091 0.6496, 1.5256 0.2264 0.6496, 1.624 -1.3091 0.6496, 1.624 0.2264 0.6496, 1.4272 0.2264 0.7283, 1.5256 0.2264 0.7283, 1.4272 -1.3091 0.7283, 1.5256 -1.3091 0.7283, 1.7225 -1.3091 0.6496, 1.7225 0.2264 0.6496, 1.8209 -1.3091 0.6496, 1.8209 0.2264 0.6496, 1.624 0.2264 0.7283, 1.7225 0.2264 0.7283, 1.624 -1.3091 0.7283, 1.7225 -1.3091 0.7283, 1.9193 -1.3091 0.6496, 1.9193 0.2264 0.6496, 2.0177 -1.3091 0.6496, 2.0177 0.2264 0.6496, 1.8209 0.2264 0.7283, 1.9193 0.2264 0.7283, 1.8209 -1.3091 0.7283, 1.9193 -1.3091 0.7283, 2.1162 -1.3091 0.6496, 2.1162 0.2264 0.6496, 2.2146 -1.3091 0.6496, 2.2146 0.2264 0.6496, 2.0177 0.2264 0.7283, 2.1162 0.2264 0.7283, 2.0177 -1.3091 0.7283, 2.1162 -1.3091 0.7283, 2.313 -1.3091 0.6496, 2.313 0.2264 0.6496, 2.4114 -1.3091 0.6496, 2.4114 0.2264 0.6496, 2.2146 0.2264 0.7283, 2.313 0.2264 0.7283, 2.2146 -1.3091 0.7283, 2.313 -1.3091 0.7283, 2.5099 -1.3091 0.6496, 2.5099 0.2264 0.6496, 2.6083 -1.3091 0.6496, 2.6083 0.2264 0.6496, 2.4114 0.2264 0.7283, 2.5099 0.2264 0.7283, 2.4114 -1.3091 0.7283, 2.5099 -1.3091 0.7283, 2.7067 -1.3091 0.6496, 2.7067 0.2264 0.6496, 2.8051 -1.3091 0.6496, 2.8051 0.2264 0.6496, 2.6083 0.2264 0.7283, 2.7067 0.2264 0.7283, 2.6083 -1.3091 0.7283, 2.7067 -1.3091 0.7283, 2.9036 -1.3091 0.6496, 2.9036 0.2264 0.6496, 3.002 -1.3091 0.6496, 3.002 0.2264 0.6496, 2.8051 0.2264 0.7283, 2.9036 0.2264 0.7283, 2.8051 -1.3091 0.7283, 2.9036 -1.3091 0.7283, 3.1004 -1.3091 0.6496, 3.1004 0.2264 0.6496, 3.1988 -1.3091 0.6496, 3.1988 0.2264 0.6496, 3.002 0.2264 0.7283, 3.1004 0.2264 0.7283, 3.002 -1.3091 0.7283, 3.1004 -1.3091 0.7283, 3.2973 -1.3091 0.6496, 3.2973 0.2264 0.6496, 3.3957 -1.3091 0.6496, 3.3957 0.2264 0.6496, 3.1988 0.2264 0.7283, 3.2973 0.2264 0.7283, 3.1988 -1.3091 0.7283, 3.2973 -1.3091 0.7283, 3.4941 -1.3091 0.6496, 3.4941 0.2264 0.6496, 3.5925 -1.3091 0.6496, 3.5925 0.2264 0.6496, 3.3957 0.2264 0.7283, 3.4941 0.2264 0.7283, 3.3957 -1.3091 0.7283, 3.4941 -1.3091 0.7283, 3.691 -1.3091 0.6496, 3.691 0.2264 0.6496, 3.7894 -1.3091 0.6496, 3.7894 0.2264 0.6496, 3.5925 0.2264 0.7283, 3.691 0.2264 0.7283, 3.5925 -1.3091 0.7283, 3.691 -1.3091 0.7283, 3.7894 0.2264 0.7283, 3.8878 0.2264 0.7283, 3.7894 -1.3091 0.7283, 3.8878 -1.3091 0.7283, -3.9862 0.2264 0.7283, -3.9862 -0.2067 0.7283, -4.0748 0.2264 0.7283, -4.0846 -0.2067 0.7283, -4.0846 0.2251 0.7283, -1.3287 -1.3209 0.1575, -1.3287 0.4626 0.1575, -1.4272 -1.3209 0.1575, -1.4272 0.4626 0.1575, -1.5256 0.4626 0.0787, -1.4272 0.4626 0.0787, -1.1319 -1.3209 0.1575, -1.1319 0.4626 0.1575, -1.2303 -1.3209 0.1575, -1.2303 0.4626 0.1575, -1.3287 0.4626 0.0787, -1.2303 0.4626 0.0787, -0.935 -1.3209 0.1575, -0.935 0.4626 0.1575, -1.0335 -1.3209 0.1575, -1.0335 0.4626 0.1575, -1.1319 0.4626 0.0787, -1.0335 0.4626 0.0787, -0.7382 -1.3209 0.1575, -0.7382 0.4626 0.1575, -0.8366 -1.3209 0.1575, -0.8366 0.4626 0.1575, -0.935 0.4626 0.0787, -0.8366 0.4626 0.0787, -0.5413 -1.3209 0.1575, -0.5413 0.4626 0.1575, -0.6398 -1.3209 0.1575, -0.6398 0.4626 0.1575, -0.7382 0.4626 0.0787, -0.6398 0.4626 0.0787, -0.3445 -1.3209 0.1575, -0.3445 0.4626 0.1575, -0.4429 -1.3209 0.1575, -0.4429 0.4626 0.1575, -0.5413 0.4626 0.0787, -0.4429 0.4626 0.0787, -0.1476 -1.3209 0.1575, -0.1476 0.4626 0.1575, -0.2461 -1.3209 0.1575, -0.2461 0.4626 0.1575, -0.3445 0.4626 0.0787, -0.2461 0.4626 0.0787, 0.0492 -1.3209 0.1575, 0.0492 0.4626 0.1575, -0.0492 -1.3209 0.1575, -0.0492 0.4626 0.1575, -0.1476 0.4626 0.0787, -0.0492 0.4626 0.0787, 4.0354 0.4232 0.0079, 4.0354 0.4626 0.0079, 1.2303 -1.3209 0.1575, 1.2303 0.4626 0.1575, 1.1319 -1.3209 0.1575, 1.1319 0.4626 0.1575, 1.0335 -1.3209 0.1575, 1.0335 0.4626 0.1575, 0.935 -1.3209 0.1575, 0.935 0.4626 0.1575, 1.0335 0.4626 0.0787, 1.1319 0.4626 0.0787, 0.8366 -1.3209 0.1575, 0.8366 0.4626 0.1575, 0.7382 -1.3209 0.1575, 0.7382 0.4626 0.1575, 0.8366 0.4626 0.0787, 0.935 0.4626 0.0787, 0.6398 -1.3209 0.1575, 0.6398 0.4626 0.1575, 0.5413 -1.3209 0.1575, 0.5413 0.4626 0.1575, 0.6398 0.4626 0.0787, 0.7382 0.4626 0.0787, 0.4429 -1.3209 0.1575, 0.4429 0.4626 0.1575, 0.3445 -1.3209 0.1575, 0.3445 0.4626 0.1575, 0.4429 0.4626 0.0787, 0.5413 0.4626 0.0787, 0.2461 -1.3209 0.1575, 0.2461 0.4626 0.1575, 0.1476 -1.3209 0.1575, 0.1476 0.4626 0.1575, 0.2461 0.4626 0.0787, 0.3445 0.4626 0.0787, 0.0492 0.4626 0.0787, 0.1476 0.4626 0.0787, 2.0177 -1.3209 0.1575, 2.0177 0.4626 0.1575, 1.9193 -1.3209 0.1575, 1.9193 0.4626 0.1575, 1.8209 -1.3209 0.1575, 1.8209 0.4626 0.1575, 1.7225 -1.3209 0.1575, 1.7225 0.4626 0.1575, 1.8209 0.4626 0.0787, 1.9193 0.4626 0.0787, 1.624 -1.3209 0.1575, 1.624 0.4626 0.1575, 1.5256 -1.3209 0.1575, 1.5256 0.4626 0.1575, 1.624 0.4626 0.0787, 1.7225 0.4626 0.0787, 1.4272 -1.3209 0.1575, 1.4272 0.4626 0.1575, 1.3288 -1.3209 0.1575, 1.3288 0.4626 0.1575, 1.4272 0.4626 0.0787, 1.5256 0.4626 0.0787, 1.2303 0.4626 0.0787, 1.3288 0.4626 0.0787, 2.2146 -1.3209 0.1575, 2.2146 0.4626 0.1575, 2.1162 -1.3209 0.1575, 2.1162 0.4626 0.1575, 2.0177 0.4626 0.0787, 2.1162 0.4626 0.0787, 2.4114 -1.3209 0.1575, 2.4114 0.4626 0.1575, 2.313 -1.3209 0.1575, 2.313 0.4626 0.1575, 2.2146 0.4626 0.0787, 2.313 0.4626 0.0787, 2.6083 -1.3209 0.1575, 2.6083 0.4626 0.1575, 2.5099 -1.3209 0.1575, 2.5099 0.4626 0.1575, 2.4114 0.4626 0.0787, 2.5099 0.4626 0.0787, 2.8051 -1.3209 0.1575, 2.8051 0.4626 0.1575, 2.7067 -1.3209 0.1575, 2.7067 0.4626 0.1575, 2.6083 0.4626 0.0787, 2.7067 0.4626 0.0787, 3.002 -1.3209 0.1575, 3.002 0.4626 0.1575, 2.9036 -1.3209 0.1575, 2.9036 0.4626 0.1575, 2.8051 0.4626 0.0787, 2.9036 0.4626 0.0787, 3.1988 -1.3209 0.1575, 3.1988 0.4626 0.1575, 3.1004 -1.3209 0.1575, 3.1004 0.4626 0.1575, 3.002 0.4626 0.0787, 3.1004 0.4626 0.0787, 3.3957 -1.3209 0.1575, 3.3957 0.4626 0.1575, 3.2973 -1.3209 0.1575, 3.2973 0.4626 0.1575, 3.1988 0.4626 0.0787, 3.2973 0.4626 0.0787, 3.5925 -1.3209 0.1575, 3.5925 0.4626 0.1575, 3.4941 -1.3209 0.1575, 3.4941 0.4626 0.1575, 3.3957 0.4626 0.0787, 3.4941 0.4626 0.0787, 3.7894 -1.3209 0.1575, 3.7894 0.4626 0.1575, 3.691 -1.3209 0.1575, 3.691 0.4626 0.1575, 3.5925 0.4626 0.0787, 3.691 0.4626 0.0787, 3.7894 0.4626 0.0787, 3.8878 0.4626 0.0787
            ]
        }
        coordIndex [
            0,1,2,-1,2,1,3,-1,2,3,4,-1,4,3,5,-1,4,5,6,-1,6,5,7,-1,8,9,10,-1,10,9,11,-1,10,11,12,-1,12,11,13,-1,12,13,14,-1,14,13,15,-1,16,17,18,-1,18,17,19,-1,20,21,22,-1,22,21,23,-1,24,25,26,-1,26,25,27,-1,28,29,30,-1,30,29,31,-1,31,32,30,-1,30,32,33,-1,30,33,34,-1,34,35,30,-1,30,35,36,-1,30,36,37,-1,38,39,40,-1,40,39,41,-1,40,41,42,-1,42,41,43,-1,44,43,45,-1,25,46,47,-1,48,49,47,-1,47,49,50,-1,47,50,51,-1,44,52,43,-1,43,52,53,-1,43,53,42,-1,54,55,25,-1,25,55,56,-1,25,56,27,-1,51,57,47,-1,47,57,58,-1,47,58,25,-1,25,58,59,-1,25,59,54,-1,45,60,61,-1,62,63,64,-1,64,65,62,-1,62,65,66,-1,62,66,67,-1,67,66,37,-1,68,69,70,-1,70,69,65,-1,70,65,71,-1,71,65,64,-1,71,64,72,-1,72,64,73,-1,60,45,74,-1,74,45,75,-1,74,75,76,-1,77,78,79,-1,79,78,80,-1,79,80,81,-1,81,80,82,-1,81,82,83,-1,84,85,86,-1,86,85,87,-1,86,87,88,-1,61,89,45,-1,45,89,90,-1,45,90,44,-1,77,79,86,-1,86,79,91,-1,86,91,84,-1,88,38,86,-1,86,38,40,-1,86,40,36,-1,36,40,92,-1,36,92,37,-1,37,92,93,-1,93,94,37,-1,37,94,95,-1,37,95,67,-1,67,95,96,-1,67,96,97,-1,97,98,67,-1,67,98,99,-1,67,99,100,-1,101,102,103,-1,103,102,67,-1,103,67,104,-1,104,67,100,-1,104,100,47,-1,47,100,105,-1,47,105,48,-1,103,24,101,-1,101,24,26,-1,101,26,106,-1,106,26,107,-1,26,108,107,-1,107,108,28,-1,107,28,62,-1,62,28,30,-1,62,30,63,-1,109,110,111,-1,111,110,112,-1,111,112,113,-1,114,115,116,-1,117,118,119,-1,67,119,116,-1,120,121,111,-1,111,121,122,-1,111,122,109,-1,123,62,124,-1,124,62,67,-1,124,67,125,-1,125,67,116,-1,125,116,126,-1,126,116,127,-1,115,128,116,-1,116,128,129,-1,116,129,127,-1,113,130,111,-1,111,130,131,-1,111,131,116,-1,116,131,132,-1,116,132,114,-1,123,120,62,-1,62,120,111,-1,62,111,107,-1,107,111,133,-1,107,133,134,-1,117,119,135,-1,135,119,67,-1,135,67,136,-1,136,67,137,-1,136,137,138,-1,138,137,139,-1,138,139,134,-1,134,139,140,-1,134,140,107,-1,141,142,143,-1,143,144,145,-1,145,144,146,-1,145,146,147,-1,147,146,148,-1,148,149,147,-1,147,149,150,-1,147,150,13,-1,13,150,15,-1,151,152,143,-1,143,152,153,-1,143,153,141,-1,154,155,156,-1,156,155,3,-1,156,3,1,-1,154,157,155,-1,155,157,158,-1,155,158,159,-1,159,158,151,-1,142,160,143,-1,143,160,161,-1,143,161,162,-1,158,163,151,-1,151,163,164,-1,151,164,165,-1,166,167,168,-1,168,167,169,-1,168,169,170,-1,162,171,143,-1,143,171,172,-1,143,172,173,-1,165,174,151,-1,151,174,175,-1,151,175,152,-1,173,176,143,-1,143,176,177,-1,143,177,144,-1,166,178,167,-1,167,178,179,-1,167,179,180,-1,181,182,183,-1,180,183,167,-1,167,183,182,-1,167,182,142,-1,142,182,184,-1,142,184,160,-1,185,186,187,-1,181,183,187,-1,187,183,188,-1,187,188,185,-1,189,190,191,-1,191,190,18,-1,2,192,193,-1,193,192,194,-1,195,196,193,-1,196,197,193,-1,193,197,198,-1,193,198,2,-1,2,198,199,-1,2,199,0,-1,19,200,18,-1,18,200,201,-1,18,201,191,-1,191,201,202,-1,191,202,193,-1,193,202,203,-1,193,203,195,-1,204,205,206,-1,207,208,209,-1,209,16,210,-1,210,16,204,-1,206,211,204,-1,204,211,212,-1,204,212,210,-1,210,212,213,-1,207,209,214,-1,17,16,215,-1,215,16,209,-1,215,209,216,-1,216,209,208,-1,217,218,219,-1,219,218,220,-1,209,221,214,-1,214,221,220,-1,214,220,222,-1,222,220,218,-1,223,224,225,-1,225,224,226,-1,159,227,228,-1,228,227,229,-1,229,227,230,-1,229,230,102,-1,228,231,159,-1,159,231,232,-1,159,232,155,-1,155,232,233,-1,155,233,234,-1,234,233,235,-1,234,235,236,-1,236,235,237,-1,236,237,232,-1,232,237,238,-1,232,238,233,-1,239,240,241,-1,230,242,102,-1,102,242,225,-1,102,225,67,-1,67,225,226,-1,67,226,243,-1,244,245,243,-1,243,245,246,-1,243,246,67,-1,67,246,247,-1,248,249,250,-1,251,252,67,-1,241,251,239,-1,239,251,67,-1,239,67,253,-1,253,67,247,-1,253,247,254,-1,254,247,255,-1,256,257,252,-1,252,257,258,-1,252,258,67,-1,67,258,259,-1,260,261,262,-1,263,264,67,-1,250,263,248,-1,248,263,67,-1,248,67,265,-1,265,67,259,-1,265,259,266,-1,266,259,267,-1,268,269,67,-1,270,271,272,-1,262,268,260,-1,260,268,67,-1,260,67,273,-1,273,67,264,-1,273,264,274,-1,274,264,275,-1,276,277,67,-1,278,279,269,-1,269,279,280,-1,269,280,67,-1,67,280,270,-1,67,270,276,-1,276,270,272,-1,281,282,283,-1,284,285,67,-1,283,284,281,-1,281,284,67,-1,281,67,286,-1,286,67,277,-1,286,277,287,-1,287,277,288,-1,289,290,291,-1,292,293,67,-1,291,292,289,-1,289,292,67,-1,289,67,294,-1,294,67,285,-1,294,285,295,-1,295,285,296,-1,297,298,299,-1,300,301,67,-1,299,300,297,-1,297,300,67,-1,297,67,302,-1,302,67,293,-1,302,293,303,-1,303,293,304,-1,305,306,307,-1,308,309,67,-1,307,308,305,-1,305,308,67,-1,305,67,310,-1,310,67,301,-1,310,301,311,-1,311,301,312,-1,313,314,315,-1,315,314,316,-1,317,318,319,-1,320,321,309,-1,309,321,322,-1,309,322,67,-1,67,322,315,-1,67,315,137,-1,137,315,316,-1,137,316,323,-1,324,325,323,-1,323,325,326,-1,323,326,137,-1,137,326,327,-1,328,329,330,-1,331,332,137,-1,319,331,317,-1,317,331,137,-1,317,137,333,-1,333,137,327,-1,333,327,334,-1,334,327,335,-1,336,337,332,-1,332,337,338,-1,332,338,137,-1,137,338,339,-1,340,341,342,-1,343,344,137,-1,330,343,328,-1,328,343,137,-1,328,137,345,-1,345,137,339,-1,345,339,346,-1,346,339,347,-1,348,349,137,-1,342,348,340,-1,340,348,137,-1,340,137,350,-1,350,137,344,-1,350,344,351,-1,351,344,352,-1,353,354,355,-1,356,357,137,-1,358,359,349,-1,349,359,360,-1,349,360,137,-1,137,360,361,-1,355,356,353,-1,353,356,137,-1,353,137,362,-1,362,137,361,-1,362,361,363,-1,363,361,364,-1,365,366,367,-1,368,369,137,-1,367,368,365,-1,365,368,137,-1,365,137,370,-1,370,137,357,-1,370,357,371,-1,371,357,372,-1,373,374,375,-1,376,377,137,-1,375,376,373,-1,373,376,137,-1,373,137,378,-1,378,137,369,-1,378,369,379,-1,379,369,380,-1,381,382,383,-1,384,385,137,-1,383,384,381,-1,381,384,137,-1,381,137,386,-1,386,137,377,-1,386,377,387,-1,387,377,388,-1,389,147,390,-1,391,392,393,-1,393,392,394,-1,393,394,390,-1,390,394,395,-1,390,395,389,-1,396,397,385,-1,385,397,398,-1,385,398,137,-1,137,398,399,-1,137,399,400,-1,400,399,401,-1,400,401,402,-1,389,392,147,-1,147,392,391,-1,147,391,145,-1,145,391,403,-1,145,403,402,-1,402,403,404,-1,402,404,400,-1,405,406,407,-1,407,406,408,-1,409,410,411,-1,411,410,412,-1,413,381,414,-1,414,381,386,-1,407,408,387,-1,387,408,414,-1,387,414,386,-1,413,410,381,-1,381,410,409,-1,381,409,382,-1,415,416,417,-1,417,416,418,-1,419,385,420,-1,420,385,384,-1,411,412,383,-1,383,412,420,-1,383,420,384,-1,416,415,419,-1,419,415,396,-1,419,396,385,-1,421,422,423,-1,424,425,426,-1,427,428,429,-1,8,10,430,-1,430,10,431,-1,430,431,432,-1,432,431,433,-1,434,424,435,-1,435,424,426,-1,435,426,436,-1,436,426,437,-1,424,438,425,-1,425,438,439,-1,425,439,440,-1,440,441,442,-1,442,441,443,-1,442,443,444,-1,444,445,442,-1,442,445,446,-1,442,446,431,-1,431,446,447,-1,431,447,433,-1,423,425,421,-1,421,425,440,-1,421,440,429,-1,429,440,442,-1,429,442,427,-1,448,399,449,-1,449,399,398,-1,417,418,397,-1,397,418,449,-1,397,449,398,-1,448,435,399,-1,399,435,436,-1,399,436,401,-1,139,137,400,-1,450,451,452,-1,140,139,452,-1,452,139,400,-1,452,400,450,-1,450,400,453,-1,453,400,404,-1,11,9,454,-1,393,390,455,-1,455,390,11,-1,455,11,456,-1,456,11,454,-1,457,458,453,-1,458,459,453,-1,453,459,460,-1,453,460,450,-1,450,460,461,-1,450,461,462,-1,456,463,455,-1,455,463,464,-1,455,464,465,-1,465,466,455,-1,455,466,467,-1,455,467,453,-1,453,467,468,-1,453,468,457,-1,469,470,471,-1,471,470,472,-1,473,474,475,-1,475,474,476,-1,477,369,478,-1,478,369,368,-1,471,472,367,-1,367,472,478,-1,367,478,368,-1,474,473,477,-1,477,473,380,-1,477,380,369,-1,479,480,481,-1,481,480,482,-1,483,377,484,-1,484,377,376,-1,481,482,375,-1,375,482,484,-1,375,484,376,-1,483,406,377,-1,377,406,405,-1,377,405,388,-1,485,373,486,-1,486,373,378,-1,475,476,379,-1,379,476,486,-1,379,486,378,-1,485,480,373,-1,373,480,479,-1,373,479,374,-1,487,488,489,-1,489,488,490,-1,491,365,492,-1,492,365,370,-1,489,490,371,-1,371,490,492,-1,371,492,370,-1,491,470,365,-1,365,470,469,-1,365,469,366,-1,493,494,495,-1,495,494,496,-1,497,357,498,-1,498,357,356,-1,495,496,355,-1,355,496,498,-1,355,498,356,-1,497,488,357,-1,357,488,487,-1,357,487,372,-1,499,500,501,-1,501,500,502,-1,503,353,504,-1,504,353,362,-1,501,502,363,-1,363,502,504,-1,363,504,362,-1,503,494,353,-1,353,494,493,-1,353,493,354,-1,505,506,507,-1,507,506,508,-1,509,361,510,-1,510,361,360,-1,507,508,359,-1,359,508,510,-1,359,510,360,-1,500,499,509,-1,509,499,364,-1,509,364,361,-1,511,512,513,-1,513,512,514,-1,515,516,517,-1,517,516,518,-1,519,340,520,-1,520,340,350,-1,514,520,513,-1,513,520,350,-1,513,350,351,-1,519,516,340,-1,340,516,515,-1,340,515,341,-1,521,349,522,-1,522,349,348,-1,518,522,517,-1,517,522,348,-1,517,348,342,-1,521,506,349,-1,349,506,505,-1,349,505,358,-1,428,427,523,-1,524,525,523,-1,523,525,526,-1,523,526,428,-1,147,13,390,-1,390,13,11,-1,10,12,431,-1,431,12,525,-1,431,525,527,-1,527,525,524,-1,527,524,395,-1,395,524,389,-1,528,529,422,-1,422,529,423,-1,529,528,20,-1,20,528,530,-1,526,525,531,-1,531,525,12,-1,531,532,533,-1,14,534,12,-1,12,534,535,-1,12,535,531,-1,531,535,536,-1,531,536,532,-1,533,537,531,-1,531,537,538,-1,531,538,530,-1,530,538,539,-1,530,539,20,-1,20,539,540,-1,20,540,21,-1,541,531,542,-1,542,531,530,-1,453,421,455,-1,455,421,429,-1,542,530,528,-1,421,453,422,-1,422,453,404,-1,422,404,528,-1,528,404,403,-1,528,403,542,-1,455,429,428,-1,531,541,526,-1,526,541,391,-1,526,391,428,-1,428,391,393,-1,428,393,455,-1,391,541,403,-1,403,541,542,-1,543,544,545,-1,545,544,194,-1,545,194,546,-1,546,194,192,-1,3,155,5,-1,5,155,234,-1,235,233,546,-1,2,4,192,-1,192,4,547,-1,192,547,546,-1,546,547,548,-1,546,548,235,-1,190,189,549,-1,549,189,550,-1,549,550,551,-1,551,550,552,-1,553,554,555,-1,4,6,547,-1,547,6,556,-1,547,556,557,-1,558,553,551,-1,551,553,555,-1,551,555,559,-1,559,555,560,-1,559,560,561,-1,562,563,564,-1,563,565,564,-1,564,565,566,-1,564,566,567,-1,557,568,547,-1,547,568,569,-1,547,569,564,-1,564,569,570,-1,564,570,562,-1,544,543,571,-1,571,543,564,-1,571,564,552,-1,552,564,567,-1,552,567,551,-1,551,567,572,-1,551,572,558,-1,5,234,573,-1,573,234,236,-1,574,7,5,-1,228,229,575,-1,575,229,576,-1,574,5,577,-1,577,5,573,-1,577,573,578,-1,579,580,576,-1,576,580,581,-1,576,581,575,-1,575,581,582,-1,575,582,583,-1,584,585,573,-1,573,585,586,-1,573,586,578,-1,583,587,575,-1,575,587,588,-1,575,588,573,-1,573,588,589,-1,573,589,584,-1,193,590,191,-1,191,590,591,-1,552,575,571,-1,571,575,573,-1,575,552,550,-1,191,591,189,-1,189,591,231,-1,189,231,550,-1,550,231,228,-1,550,228,575,-1,590,193,194,-1,571,573,544,-1,544,573,236,-1,544,236,194,-1,194,236,232,-1,194,232,590,-1,590,232,591,-1,591,232,231,-1,592,593,594,-1,594,593,595,-1,23,596,597,-1,597,596,598,-1,599,600,597,-1,597,600,22,-1,597,22,23,-1,601,602,599,-1,599,602,603,-1,599,603,600,-1,600,603,604,-1,600,604,605,-1,598,606,597,-1,597,606,607,-1,597,607,608,-1,608,607,609,-1,608,609,610,-1,609,611,610,-1,610,611,612,-1,610,612,613,-1,613,612,614,-1,615,616,617,-1,617,616,618,-1,616,593,618,-1,618,593,592,-1,603,602,617,-1,617,602,615,-1,619,620,621,-1,621,620,622,-1,623,624,625,-1,625,624,626,-1,624,620,626,-1,626,620,619,-1,594,595,625,-1,625,595,623,-1,627,628,629,-1,629,628,630,-1,631,632,633,-1,633,632,634,-1,632,628,634,-1,634,628,627,-1,621,622,633,-1,633,622,631,-1,635,636,637,-1,637,636,638,-1,639,640,641,-1,641,640,642,-1,640,636,642,-1,642,636,635,-1,629,630,641,-1,641,630,639,-1,643,644,645,-1,645,644,646,-1,647,648,649,-1,649,648,650,-1,648,644,650,-1,650,644,643,-1,637,638,649,-1,649,638,647,-1,651,652,653,-1,653,652,654,-1,655,656,657,-1,657,656,658,-1,656,652,658,-1,658,652,651,-1,645,646,657,-1,657,646,655,-1,659,660,661,-1,661,660,662,-1,663,664,665,-1,665,664,666,-1,664,660,666,-1,666,660,659,-1,653,654,665,-1,665,654,663,-1,667,668,669,-1,669,668,670,-1,671,672,673,-1,673,672,674,-1,672,668,674,-1,674,668,667,-1,661,662,673,-1,673,662,671,-1,675,676,677,-1,677,676,678,-1,679,680,681,-1,681,680,682,-1,680,676,682,-1,682,676,675,-1,669,670,681,-1,681,670,679,-1,683,684,685,-1,685,684,686,-1,687,688,689,-1,689,688,690,-1,688,684,690,-1,690,684,683,-1,677,678,689,-1,689,678,687,-1,691,692,693,-1,693,692,694,-1,695,696,697,-1,697,696,698,-1,696,692,698,-1,698,692,691,-1,685,686,697,-1,697,686,695,-1,699,700,701,-1,701,700,702,-1,703,704,705,-1,705,704,706,-1,704,700,706,-1,706,700,699,-1,693,694,705,-1,705,694,703,-1,707,708,709,-1,709,708,710,-1,711,712,713,-1,713,712,714,-1,712,708,714,-1,714,708,707,-1,701,702,713,-1,713,702,711,-1,715,716,717,-1,717,716,718,-1,719,720,721,-1,721,720,722,-1,720,716,722,-1,722,716,715,-1,709,710,721,-1,721,710,719,-1,723,724,725,-1,725,724,726,-1,727,728,729,-1,729,728,730,-1,728,724,730,-1,730,724,723,-1,717,718,729,-1,729,718,727,-1,731,732,733,-1,733,732,734,-1,735,736,737,-1,737,736,738,-1,736,732,738,-1,738,732,731,-1,725,726,737,-1,737,726,735,-1,739,740,741,-1,741,740,742,-1,743,744,745,-1,745,744,746,-1,744,740,746,-1,746,740,739,-1,733,734,745,-1,745,734,743,-1,747,748,749,-1,749,748,750,-1,751,752,753,-1,753,752,754,-1,752,748,754,-1,754,748,747,-1,741,742,753,-1,753,742,751,-1,755,756,757,-1,757,756,758,-1,759,760,761,-1,761,760,762,-1,760,756,762,-1,762,756,755,-1,749,750,761,-1,761,750,759,-1,763,764,765,-1,765,764,766,-1,767,768,769,-1,769,768,770,-1,768,764,770,-1,770,764,763,-1,757,758,769,-1,769,758,767,-1,771,772,773,-1,773,772,774,-1,773,774,775,-1,774,210,775,-1,775,210,213,-1,221,209,771,-1,771,209,772,-1,774,772,210,-1,210,772,209,-1,776,777,778,-1,778,777,779,-1,780,781,782,-1,782,781,783,-1,781,777,783,-1,783,777,776,-1,765,766,782,-1,782,766,780,-1,784,785,786,-1,786,785,787,-1,788,789,790,-1,790,789,791,-1,789,785,791,-1,791,785,784,-1,778,779,790,-1,790,779,788,-1,792,793,794,-1,794,793,795,-1,796,797,798,-1,798,797,799,-1,797,793,799,-1,799,793,792,-1,786,787,798,-1,798,787,796,-1,800,801,802,-1,802,801,803,-1,804,805,806,-1,806,805,807,-1,805,801,807,-1,807,801,800,-1,794,795,806,-1,806,795,804,-1,808,809,810,-1,810,809,811,-1,812,813,814,-1,814,813,815,-1,813,809,815,-1,815,809,808,-1,802,803,814,-1,814,803,812,-1,816,817,818,-1,818,817,819,-1,820,821,822,-1,822,821,823,-1,821,817,823,-1,823,817,816,-1,810,811,822,-1,822,811,820,-1,824,825,826,-1,826,825,827,-1,828,829,830,-1,830,829,831,-1,829,825,831,-1,831,825,824,-1,818,819,830,-1,830,819,828,-1,832,833,834,-1,834,833,835,-1,836,837,838,-1,838,837,839,-1,837,833,839,-1,839,833,832,-1,826,827,838,-1,838,827,836,-1,840,841,842,-1,842,841,843,-1,844,845,846,-1,846,845,847,-1,845,841,847,-1,847,841,840,-1,834,835,846,-1,846,835,844,-1,848,849,850,-1,850,849,851,-1,852,853,854,-1,854,853,855,-1,853,849,855,-1,855,849,848,-1,842,843,854,-1,854,843,852,-1,856,857,858,-1,858,857,859,-1,860,861,862,-1,862,861,863,-1,861,857,863,-1,863,857,856,-1,850,851,862,-1,862,851,860,-1,864,865,866,-1,866,865,867,-1,868,869,870,-1,870,869,871,-1,869,865,871,-1,871,865,864,-1,858,859,870,-1,870,859,868,-1,872,873,874,-1,874,873,875,-1,876,877,878,-1,878,877,879,-1,877,873,879,-1,879,873,872,-1,866,867,878,-1,878,867,876,-1,880,881,882,-1,882,881,883,-1,884,885,886,-1,886,885,887,-1,885,881,887,-1,887,881,880,-1,874,875,886,-1,886,875,884,-1,888,889,890,-1,890,889,891,-1,892,893,894,-1,894,893,895,-1,893,889,895,-1,895,889,888,-1,882,883,894,-1,894,883,892,-1,896,897,898,-1,898,897,899,-1,900,901,902,-1,902,901,903,-1,901,897,903,-1,903,897,896,-1,890,891,902,-1,902,891,900,-1,904,905,906,-1,906,905,907,-1,908,909,910,-1,910,909,911,-1,909,905,911,-1,911,905,904,-1,898,899,910,-1,910,899,908,-1,912,913,914,-1,914,913,915,-1,916,917,918,-1,918,917,919,-1,917,913,919,-1,919,913,912,-1,906,907,918,-1,918,907,916,-1,920,921,922,-1,922,921,923,-1,924,925,926,-1,926,925,927,-1,925,921,927,-1,927,921,920,-1,914,915,926,-1,926,915,924,-1,928,929,930,-1,930,929,931,-1,929,212,931,-1,931,212,211,-1,922,923,930,-1,930,923,928,-1,932,933,934,-1,934,933,935,-1,934,935,936,-1,599,933,601,-1,601,933,932,-1,936,935,608,-1,608,935,597,-1,933,599,935,-1,935,599,597,-1,937,938,939,-1,939,938,940,-1,941,344,942,-1,942,344,343,-1,940,942,939,-1,939,942,343,-1,939,343,330,-1,941,512,344,-1,344,512,511,-1,344,511,352,-1,943,944,945,-1,945,944,946,-1,947,328,948,-1,948,328,345,-1,946,948,945,-1,945,948,345,-1,945,345,346,-1,947,938,328,-1,328,938,937,-1,328,937,329,-1,949,950,951,-1,951,950,952,-1,953,339,954,-1,954,339,338,-1,952,954,951,-1,951,954,338,-1,951,338,337,-1,953,944,339,-1,339,944,943,-1,339,943,347,-1,955,956,957,-1,957,956,958,-1,959,332,960,-1,960,332,331,-1,958,960,957,-1,957,960,331,-1,957,331,319,-1,959,950,332,-1,332,950,949,-1,332,949,336,-1,961,962,963,-1,963,962,964,-1,965,317,966,-1,966,317,333,-1,964,966,963,-1,963,966,333,-1,963,333,334,-1,965,956,317,-1,317,956,955,-1,317,955,318,-1,967,968,969,-1,969,968,970,-1,971,327,972,-1,972,327,326,-1,970,972,969,-1,969,972,326,-1,969,326,325,-1,971,962,327,-1,327,962,961,-1,327,961,335,-1,973,974,975,-1,975,974,976,-1,977,323,978,-1,978,323,316,-1,976,978,975,-1,975,978,316,-1,975,316,314,-1,977,968,323,-1,323,968,967,-1,323,967,324,-1,979,980,981,-1,981,980,982,-1,983,315,984,-1,984,315,322,-1,982,984,981,-1,981,984,322,-1,981,322,321,-1,983,974,315,-1,315,974,973,-1,315,973,313,-1,101,106,985,-1,102,101,229,-1,229,101,985,-1,229,985,576,-1,576,985,986,-1,987,988,989,-1,989,988,990,-1,991,992,993,-1,993,992,994,-1,995,289,996,-1,996,289,294,-1,990,996,989,-1,989,996,294,-1,989,294,295,-1,995,992,289,-1,289,992,991,-1,289,991,290,-1,997,998,999,-1,999,998,1000,-1,1001,293,1002,-1,1002,293,292,-1,994,1002,993,-1,993,1002,292,-1,993,292,291,-1,1001,998,293,-1,293,998,997,-1,293,997,304,-1,1003,1004,1005,-1,1005,1004,1006,-1,1007,297,1008,-1,1008,297,302,-1,1000,1008,999,-1,999,1008,302,-1,999,302,303,-1,1007,1004,297,-1,297,1004,1003,-1,297,1003,298,-1,1009,1010,1011,-1,1011,1010,1012,-1,1013,301,1014,-1,1014,301,300,-1,1006,1014,1005,-1,1005,1014,300,-1,1005,300,299,-1,1013,1010,301,-1,301,1010,1009,-1,301,1009,312,-1,1015,1016,1017,-1,1017,1016,1018,-1,1019,305,1020,-1,1020,305,310,-1,1012,1020,1011,-1,1011,1020,310,-1,1011,310,311,-1,1019,1016,305,-1,305,1016,1015,-1,305,1015,306,-1,1021,309,1022,-1,1022,309,308,-1,1018,1022,1017,-1,1017,1022,308,-1,1017,308,307,-1,1021,980,309,-1,309,980,979,-1,309,979,320,-1,1023,1024,1025,-1,1025,1024,1026,-1,1027,1028,1029,-1,1029,1028,1030,-1,1031,270,1032,-1,1032,270,280,-1,1026,1032,1025,-1,1025,1032,280,-1,1025,280,279,-1,1031,1028,270,-1,270,1028,1027,-1,270,1027,271,-1,1033,1034,1035,-1,1035,1034,1036,-1,1037,277,1038,-1,1038,277,276,-1,1030,1038,1029,-1,1029,1038,276,-1,1029,276,272,-1,1037,1034,277,-1,277,1034,1033,-1,277,1033,288,-1,1039,1040,1041,-1,1041,1040,1042,-1,1043,281,1044,-1,1044,281,286,-1,1036,1044,1035,-1,1035,1044,286,-1,1035,286,287,-1,1043,1040,281,-1,281,1040,1039,-1,281,1039,282,-1,1045,285,1046,-1,1046,285,284,-1,1042,1046,1041,-1,1041,1046,284,-1,1041,284,283,-1,1045,988,285,-1,285,988,987,-1,285,987,296,-1,1047,1048,1049,-1,1049,1048,1050,-1,1051,269,1052,-1,1052,269,268,-1,1049,1050,262,-1,262,1050,1052,-1,262,1052,268,-1,1051,1024,269,-1,269,1024,1023,-1,269,1023,278,-1,1053,1054,1055,-1,1055,1054,1056,-1,1057,260,1058,-1,1058,260,273,-1,1055,1056,274,-1,274,1056,1058,-1,274,1058,273,-1,1048,1047,1057,-1,1057,1047,261,-1,1057,261,260,-1,1059,1060,1061,-1,1061,1060,1062,-1,1063,264,1064,-1,1064,264,263,-1,1061,1062,250,-1,250,1062,1064,-1,250,1064,263,-1,1054,1053,1063,-1,1063,1053,275,-1,1063,275,264,-1,1065,1066,1067,-1,1067,1066,1068,-1,1069,248,1070,-1,1070,248,265,-1,1067,1068,266,-1,266,1068,1070,-1,266,1070,265,-1,1060,1059,1069,-1,1069,1059,249,-1,1069,249,248,-1,1071,1072,1073,-1,1073,1072,1074,-1,1075,259,1076,-1,1076,259,258,-1,1073,1074,257,-1,257,1074,1076,-1,257,1076,258,-1,1066,1065,1075,-1,1075,1065,267,-1,1075,267,259,-1,1077,1078,1079,-1,1079,1078,1080,-1,1081,252,1082,-1,1082,252,251,-1,1079,1080,241,-1,241,1080,1082,-1,241,1082,251,-1,1072,1071,1081,-1,1081,1071,256,-1,1081,256,252,-1,1083,1084,1085,-1,1085,1084,1086,-1,1087,239,1088,-1,1088,239,253,-1,1085,1086,254,-1,254,1086,1088,-1,254,1088,253,-1,1078,1077,1087,-1,1087,1077,240,-1,1087,240,239,-1,1089,1090,1091,-1,1091,1090,1092,-1,1093,247,1094,-1,1094,247,246,-1,1091,1092,245,-1,245,1092,1094,-1,245,1094,246,-1,1084,1083,1093,-1,1093,1083,255,-1,1093,255,247,-1,1095,1096,1097,-1,1097,1096,1098,-1,1099,243,1100,-1,1100,243,226,-1,1097,1098,224,-1,224,1098,1100,-1,224,1100,226,-1,1090,1089,1099,-1,1099,1089,244,-1,1099,244,243,-1,1101,225,1102,-1,1102,225,242,-1,555,1102,560,-1,560,1102,242,-1,560,242,230,-1,1096,1095,1101,-1,1101,1095,223,-1,1101,223,225,-1,534,14,150,-1,150,14,15,-1,156,1,199,-1,199,1,0,-1,609,607,182,-1,182,607,184,-1,176,173,538,-1,538,173,539,-1,202,201,165,-1,165,201,174,-1,169,167,214,-1,214,167,207,-1,183,180,775,-1,775,180,773,-1,804,795,793,-1,213,212,775,-1,775,212,929,-1,775,929,183,-1,183,929,928,-1,923,921,928,-1,928,921,925,-1,928,925,183,-1,183,925,924,-1,915,913,924,-1,924,913,917,-1,924,917,183,-1,183,917,916,-1,907,905,916,-1,916,905,909,-1,916,909,183,-1,183,909,908,-1,899,897,908,-1,908,897,901,-1,908,901,183,-1,183,901,900,-1,891,889,900,-1,900,889,893,-1,900,893,183,-1,183,893,892,-1,883,881,892,-1,892,881,885,-1,892,885,183,-1,183,885,884,-1,743,734,732,-1,183,797,796,-1,875,873,884,-1,884,873,877,-1,884,877,183,-1,183,877,876,-1,787,785,796,-1,796,785,789,-1,796,789,183,-1,183,789,788,-1,867,865,876,-1,876,865,869,-1,876,869,183,-1,183,869,868,-1,779,777,788,-1,788,777,781,-1,788,781,183,-1,183,781,780,-1,719,710,708,-1,859,857,868,-1,868,857,861,-1,868,861,183,-1,183,861,860,-1,766,764,780,-1,780,764,768,-1,780,768,183,-1,183,768,767,-1,851,849,860,-1,860,849,853,-1,860,853,183,-1,183,853,852,-1,758,756,767,-1,767,756,760,-1,767,760,183,-1,183,760,759,-1,183,736,735,-1,843,841,852,-1,852,841,845,-1,852,845,183,-1,183,845,844,-1,750,748,759,-1,759,748,752,-1,759,752,183,-1,183,752,751,-1,726,724,735,-1,735,724,728,-1,735,728,183,-1,183,728,727,-1,695,686,684,-1,835,833,844,-1,844,833,837,-1,844,837,183,-1,183,837,836,-1,732,736,743,-1,743,736,183,-1,743,183,744,-1,744,183,751,-1,744,751,740,-1,740,751,742,-1,712,711,183,-1,827,825,836,-1,836,825,829,-1,836,829,183,-1,183,829,828,-1,708,712,719,-1,719,712,183,-1,719,183,720,-1,720,183,727,-1,720,727,716,-1,716,727,718,-1,688,687,183,-1,679,670,668,-1,932,934,183,-1,819,817,828,-1,828,817,821,-1,828,821,183,-1,183,821,820,-1,702,700,711,-1,711,700,704,-1,711,704,183,-1,183,704,703,-1,811,809,820,-1,820,809,813,-1,820,813,183,-1,183,813,812,-1,694,692,703,-1,703,692,696,-1,703,696,183,-1,183,696,695,-1,183,695,688,-1,688,695,684,-1,672,671,183,-1,793,797,804,-1,804,797,183,-1,804,183,805,-1,805,183,812,-1,805,812,801,-1,801,812,803,-1,678,676,687,-1,687,676,680,-1,687,680,183,-1,183,680,679,-1,183,679,672,-1,672,679,668,-1,663,654,652,-1,656,655,183,-1,652,656,663,-1,663,656,183,-1,663,183,664,-1,664,183,671,-1,664,671,660,-1,660,671,662,-1,647,638,636,-1,640,639,183,-1,636,640,647,-1,647,640,183,-1,647,183,648,-1,648,183,655,-1,648,655,644,-1,644,655,646,-1,631,622,620,-1,624,623,183,-1,620,624,631,-1,631,624,183,-1,631,183,632,-1,632,183,639,-1,632,639,628,-1,628,639,630,-1,615,602,601,-1,601,932,615,-1,615,932,183,-1,615,183,616,-1,616,183,623,-1,616,623,593,-1,593,623,595,-1,
        ]
    }
}
Shape{
    appearance Appearance {
        material  Material 	{
            diffuseColor 0.20784313725490197 0.20784313725490197 0.20784313725490197
            specularColor 0.01568627450980392 0.01568627450980392 0.01568627450980392
            ambientIntensity 0.298
            transparency 0.0
            shininess 0.5
        }
    }
    geometry IndexedFaceSet {
        ccw TRUE
        solid FALSE
        coord DEF co Coordinate {
            point [
                -0.2959 -0.1991 0.0039, -0.2959 -0.1991 0.0, -0.3088 -0.2479 0.0039, -0.3088 -0.2479 0.0, -0.2553 -0.1991 0.0039, -0.2553 -0.1991 0.0, -0.2425 -0.2479 0.0039, -0.2425 -0.2479 0.0, -0.2203 -0.2479 0.0039, -0.2203 -0.2479 0.0, -0.2661 -0.0895 0.0, -0.2664 -0.0886 0.0039, -0.2664 -0.0886 0.0, -0.2848 -0.0886 0.0039, -0.2848 -0.0886 0.0, -0.2851 -0.0895 0.0, -0.3309 -0.2479 0.0039, -0.3309 -0.2479 0.0, -0.2599 -0.1816 0.0039, -0.2747 -0.1254 0.0039, -0.2913 -0.1816 0.0039, -0.2765 -0.1254 0.0039, -0.2747 -0.1254 0.0, -0.2765 -0.1254 0.0, -0.2599 -0.1816 0.0, -0.2913 -0.1816 0.0, -0.1098 -0.2479 0.0039, -0.1098 -0.2479 0.0, -0.1411 -0.2479 0.0039, -0.1411 -0.2479 0.0, -0.1098 -0.0904 0.0039, -0.1098 -0.0904 0.0, -0.1411 -0.0904 0.0039, -0.1411 -0.0904 0.0, -0.2075 -0.1696 0.0039, -0.2075 -0.1696 0.0, -0.2074 -0.1653 0.0, -0.2074 -0.1653 0.0039, -0.2038 -0.1346 0.0, -0.2038 -0.1346 0.0039, -0.1978 -0.1184 0.0, -0.1978 -0.1184 0.0039, -0.191 -0.1085 0.0, -0.191 -0.1085 0.0039, -0.183 -0.1013 0.0, -0.183 -0.1013 0.0039, -0.1724 -0.0957 0.0, -0.1724 -0.0957 0.0039, -0.1583 -0.0918 0.0, -0.1583 -0.0918 0.0039, -0.1509 -0.2474 0.0, -0.1509 -0.2474 0.0039, -0.1681 -0.2435 0.0, -0.1681 -0.2435 0.0039, -0.1806 -0.2372 0.0, -0.1806 -0.2372 0.0039, -0.1898 -0.2297 0.0, -0.1898 -0.2297 0.0039, -0.1964 -0.2212 0.0, -0.1964 -0.2212 0.0039, -0.202 -0.2088 0.0, -0.202 -0.2088 0.0039, -0.2059 -0.1922 0.0, -0.2059 -0.1922 0.0039, -0.131 -0.1079 0.0039, -0.131 -0.2304 0.0039, -0.1411 -0.2304 0.0039, -0.1536 -0.2292 0.0039, -0.1622 -0.2263 0.0039, -0.1692 -0.222 0.0039, -0.1747 -0.2166 0.0039, -0.1789 -0.2096 0.0039, -0.183 -0.1967 0.0039, -0.1411 -0.1079 0.0039, -0.1447 -0.108 0.0039, -0.1564 -0.1099 0.0039, -0.1644 -0.1133 0.0039, -0.1711 -0.1182 0.0039, -0.1762 -0.1243 0.0039, -0.1804 -0.133 0.0039, -0.1839 -0.1476 0.0039, -0.1854 -0.1696 0.0039, -0.131 -0.1079 0.0, -0.1411 -0.1079 0.0, -0.131 -0.2304 0.0, -0.1411 -0.2304 0.0, -0.1854 -0.1696 0.0, -0.183 -0.1967 0.0, -0.1789 -0.2096 0.0, -0.1747 -0.2166 0.0, -0.1692 -0.222 0.0, -0.1622 -0.2263 0.0, -0.1536 -0.2292 0.0, -0.1447 -0.108 0.0, -0.1564 -0.1099 0.0, -0.1644 -0.1133 0.0, -0.1711 -0.1182 0.0, -0.1762 -0.1243 0.0, -0.1804 -0.133 0.0, -0.1839 -0.1476 0.0, 0.0053 -0.0904 0.0039, 0.0053 -0.0904 0.0, 0.0053 -0.2479 0.0039, 0.0053 -0.2479 0.0, -0.084 -0.0904 0.0039, -0.084 -0.0904 0.0, -0.084 -0.1079 0.0039, -0.084 -0.1079 0.0, -0.0159 -0.1079 0.0039, -0.0159 -0.1079 0.0, -0.0159 -0.1567 0.0039, -0.0159 -0.1567 0.0, -0.0785 -0.1567 0.0039, -0.0785 -0.1567 0.0, -0.0785 -0.1742 0.0039, -0.0785 -0.1742 0.0, -0.0159 -0.1742 0.0039, -0.0159 -0.1742 0.0, -0.0159 -0.2304 0.0039, -0.0159 -0.2304 0.0, -0.0887 -0.2304 0.0039, -0.0887 -0.2304 0.0, -0.0887 -0.2479 0.0039, -0.0887 -0.2479 0.0, 0.1278 -0.1742 0.0039, 0.1278 -0.1742 0.0, 0.1253 -0.2024 0.0, 0.1253 -0.2024 0.0039, 0.1199 -0.2194 0.0, 0.1199 -0.2194 0.0039, 0.114 -0.2294 0.0, 0.114 -0.2294 0.0039, 0.1058 -0.2381 0.0, 0.1058 -0.2381 0.0039, 0.0968 -0.2443 0.0, 0.0968 -0.2443 0.0039, 0.0865 -0.2482 0.0, 0.0865 -0.2482 0.0039, 0.0744 -0.2497 0.0, 0.0744 -0.2497 0.0039, 0.0734 -0.0886 0.0, 0.0819 -0.0895 0.0, 0.0734 -0.0886 0.0039, 0.0841 -0.0897 0.0039, 0.0841 -0.0897 0.0, 0.0938 -0.0931 0.0, 0.0938 -0.0931 0.0039, 0.1028 -0.099 0.0, 0.1028 -0.099 0.0039, 0.1116 -0.1084 0.0, 0.1116 -0.1084 0.0039, 0.1195 -0.1224 0.0, 0.1195 -0.1224 0.0039, 0.1253 -0.1432 0.0, 0.1253 -0.1432 0.0039, 0.0662 -0.0895 0.0, 0.0612 -0.0901 0.0039, 0.0612 -0.0901 0.0, 0.0522 -0.0937 0.0039, 0.0522 -0.0937 0.0, 0.044 -0.0996 0.0039, 0.044 -0.0996 0.0, 0.0363 -0.1084 0.0039, 0.0363 -0.1084 0.0, 0.0311 -0.1189 0.0039, 0.0311 -0.1189 0.0, 0.0278 -0.1338 0.0039, 0.0278 -0.1338 0.0, 0.0274 -0.1466 0.0039, 0.0274 -0.1466 0.0, 0.0476 -0.1466 0.0039, 0.0476 -0.1466 0.0, 0.0734 -0.1061 0.0039, 0.0734 -0.1061 0.0, 0.0721 -0.1061 0.0, 0.0721 -0.1061 0.0039, 0.0661 -0.107 0.0, 0.0661 -0.107 0.0039, 0.0614 -0.109 0.0, 0.0614 -0.109 0.0039, 0.0573 -0.1121 0.0, 0.0573 -0.1121 0.0039, 0.0541 -0.1162 0.0, 0.0541 -0.1162 0.0039, 0.0515 -0.1213 0.0, 0.0515 -0.1213 0.0039, 0.0488 -0.1311 0.0, 0.0488 -0.1311 0.0039, 0.1057 -0.1724 0.0039, 0.1057 -0.1724 0.0, 0.1038 -0.1434 0.0, 0.1038 -0.1434 0.0039, 0.0998 -0.1275 0.0, 0.0998 -0.1275 0.0039, 0.0951 -0.1183 0.0, 0.0951 -0.1183 0.0039, 0.0903 -0.1127 0.0, 0.0903 -0.1127 0.0039, 0.0854 -0.1091 0.0, 0.0854 -0.1091 0.0039, 0.0802 -0.1069 0.0, 0.0802 -0.1069 0.0039, 0.0744 -0.2322 0.0039, 0.0744 -0.2322 0.0, 0.0799 -0.2317 0.0, 0.0799 -0.2317 0.0039, 0.0851 -0.2299 0.0, 0.0851 -0.2299 0.0039, 0.0901 -0.2266 0.0, 0.0901 -0.2266 0.0039, 0.0958 -0.2205 0.0, 0.0958 -0.2205 0.0039, 0.0999 -0.2132 0.0, 0.0999 -0.2132 0.0039, 0.1033 -0.2014 0.0, 0.1033 -0.2014 0.0039, 0.0476 -0.1853 0.0039, 0.0476 -0.1853 0.0, 0.0484 -0.2002 0.0, 0.0484 -0.2002 0.0039, 0.0511 -0.2135 0.0, 0.0511 -0.2135 0.0039, 0.0541 -0.2201 0.0, 0.0541 -0.2201 0.0039, 0.0579 -0.2247 0.0, 0.0579 -0.2247 0.0039, 0.0636 -0.2292 0.0, 0.0636 -0.2292 0.0039, 0.0686 -0.2314 0.0, 0.0686 -0.2314 0.0039, 0.0265 -0.1853 0.0039, 0.0265 -0.1853 0.0, 0.0649 -0.2488 0.0, 0.0649 -0.2488 0.0039, 0.0555 -0.2457 0.0, 0.0555 -0.2457 0.0039, 0.046 -0.2395 0.0, 0.046 -0.2395 0.0039, 0.0379 -0.231 0.0, 0.0379 -0.231 0.0039, 0.0327 -0.2213 0.0, 0.0327 -0.2213 0.0039, 0.0285 -0.2066 0.0, 0.0285 -0.2066 0.0039, 0.2429 -0.0904 0.0039, 0.2429 -0.0904 0.0, 0.2429 -0.2479 0.0039, 0.2429 -0.2479 0.0, 0.2217 -0.0904 0.0039, 0.2217 -0.0904 0.0, 0.2217 -0.2304 0.0039, 0.2217 -0.2304 0.0, 0.1471 -0.2304 0.0039, 0.1471 -0.2304 0.0, 0.1471 -0.2479 0.0039, 0.1471 -0.2479 0.0
            ]
        }
        coordIndex [
            0,1,2,-1,2,1,3,-1,4,5,0,-1,0,5,1,-1,6,7,4,-1,4,7,5,-1,8,9,6,-1,6,9,7,-1,9,8,10,-1,10,8,11,-1,10,11,12,-1,13,14,11,-1,11,14,12,-1,14,13,15,-1,15,13,16,-1,15,16,17,-1,16,2,17,-1,17,2,3,-1,18,19,11,-1,20,16,13,-1,11,19,13,-1,13,19,21,-1,13,21,20,-1,8,6,4,-1,2,16,0,-1,0,16,20,-1,0,20,4,-1,4,20,18,-1,4,18,8,-1,8,18,11,-1,19,22,21,-1,21,22,23,-1,18,24,19,-1,19,24,22,-1,20,25,18,-1,18,25,24,-1,23,25,21,-1,21,25,20,-1,26,27,28,-1,28,27,29,-1,30,31,26,-1,26,31,27,-1,32,33,30,-1,30,33,31,-1,34,35,36,-1,34,36,37,-1,37,36,38,-1,37,38,39,-1,39,38,40,-1,39,40,41,-1,41,40,42,-1,41,42,43,-1,43,42,44,-1,43,44,45,-1,45,44,46,-1,45,46,47,-1,47,46,48,-1,47,48,49,-1,49,48,33,-1,49,33,32,-1,28,29,50,-1,28,50,51,-1,51,50,52,-1,51,52,53,-1,53,52,54,-1,53,54,55,-1,55,54,56,-1,55,56,57,-1,57,56,58,-1,57,58,59,-1,59,58,60,-1,59,60,61,-1,61,60,62,-1,61,62,63,-1,63,62,35,-1,63,35,34,-1,32,30,64,-1,64,30,65,-1,65,30,26,-1,65,26,66,-1,66,26,28,-1,66,28,67,-1,67,28,51,-1,67,51,68,-1,68,51,53,-1,68,53,69,-1,69,53,55,-1,69,55,70,-1,70,55,57,-1,70,57,71,-1,71,57,59,-1,71,59,72,-1,64,73,32,-1,32,73,74,-1,32,74,49,-1,49,74,75,-1,49,75,47,-1,47,75,76,-1,47,76,45,-1,45,76,77,-1,45,77,43,-1,43,77,78,-1,43,78,41,-1,41,78,79,-1,41,79,39,-1,39,79,80,-1,39,80,37,-1,37,80,81,-1,59,61,72,-1,72,61,63,-1,72,63,81,-1,81,63,34,-1,81,34,37,-1,64,82,73,-1,73,82,83,-1,65,84,64,-1,64,84,82,-1,66,85,65,-1,65,85,84,-1,81,86,87,-1,81,87,72,-1,72,87,88,-1,72,88,71,-1,71,88,89,-1,71,89,70,-1,70,89,90,-1,70,90,69,-1,69,90,91,-1,69,91,68,-1,68,91,92,-1,68,92,67,-1,67,92,85,-1,67,85,66,-1,73,83,93,-1,73,93,74,-1,74,93,94,-1,74,94,75,-1,75,94,95,-1,75,95,76,-1,76,95,96,-1,76,96,77,-1,77,96,97,-1,77,97,78,-1,78,97,98,-1,78,98,79,-1,79,98,99,-1,79,99,80,-1,80,99,86,-1,80,86,81,-1,100,101,102,-1,102,101,103,-1,104,105,100,-1,100,105,101,-1,106,107,104,-1,104,107,105,-1,108,109,106,-1,106,109,107,-1,110,111,108,-1,108,111,109,-1,112,113,110,-1,110,113,111,-1,114,115,112,-1,112,115,113,-1,116,117,114,-1,114,117,115,-1,118,119,116,-1,116,119,117,-1,120,121,118,-1,118,121,119,-1,122,123,120,-1,120,123,121,-1,122,102,123,-1,123,102,103,-1,102,122,120,-1,120,118,102,-1,102,118,116,-1,102,116,100,-1,106,104,108,-1,108,104,100,-1,108,100,110,-1,110,100,116,-1,110,116,112,-1,112,116,114,-1,124,125,126,-1,124,126,127,-1,127,126,128,-1,127,128,129,-1,129,128,130,-1,129,130,131,-1,131,130,132,-1,131,132,133,-1,133,132,134,-1,133,134,135,-1,135,134,136,-1,135,136,137,-1,137,136,138,-1,137,138,139,-1,140,141,142,-1,142,141,143,-1,141,144,143,-1,143,144,145,-1,143,145,146,-1,146,145,147,-1,146,147,148,-1,148,147,149,-1,148,149,150,-1,150,149,151,-1,150,151,152,-1,152,151,153,-1,152,153,154,-1,154,153,125,-1,154,125,124,-1,140,142,155,-1,155,142,156,-1,155,156,157,-1,157,156,158,-1,157,158,159,-1,159,158,160,-1,159,160,161,-1,161,160,162,-1,161,162,163,-1,163,162,164,-1,163,164,165,-1,165,164,166,-1,165,166,167,-1,167,166,168,-1,167,168,169,-1,170,171,168,-1,168,171,169,-1,172,173,174,-1,172,174,175,-1,175,174,176,-1,175,176,177,-1,177,176,178,-1,177,178,179,-1,179,178,180,-1,179,180,181,-1,181,180,182,-1,181,182,183,-1,183,182,184,-1,183,184,185,-1,185,184,186,-1,185,186,187,-1,187,186,171,-1,187,171,170,-1,188,189,190,-1,188,190,191,-1,191,190,192,-1,191,192,193,-1,193,192,194,-1,193,194,195,-1,195,194,196,-1,195,196,197,-1,197,196,198,-1,197,198,199,-1,199,198,200,-1,199,200,201,-1,201,200,173,-1,201,173,172,-1,202,203,204,-1,202,204,205,-1,205,204,206,-1,205,206,207,-1,207,206,208,-1,207,208,209,-1,209,208,210,-1,209,210,211,-1,211,210,212,-1,211,212,213,-1,213,212,214,-1,213,214,215,-1,215,214,189,-1,215,189,188,-1,216,217,218,-1,216,218,219,-1,219,218,220,-1,219,220,221,-1,221,220,222,-1,221,222,223,-1,223,222,224,-1,223,224,225,-1,225,224,226,-1,225,226,227,-1,227,226,228,-1,227,228,229,-1,229,228,203,-1,229,203,202,-1,230,231,216,-1,216,231,217,-1,139,138,232,-1,139,232,233,-1,233,232,234,-1,233,234,235,-1,235,234,236,-1,235,236,237,-1,237,236,238,-1,237,238,239,-1,239,238,240,-1,239,240,241,-1,241,240,242,-1,241,242,243,-1,243,242,231,-1,243,231,230,-1,170,168,187,-1,187,168,166,-1,187,166,185,-1,185,166,164,-1,185,164,183,-1,183,164,162,-1,183,162,181,-1,181,162,160,-1,181,160,179,-1,179,160,158,-1,179,158,177,-1,177,158,156,-1,177,156,175,-1,175,156,142,-1,230,216,243,-1,243,216,219,-1,243,219,241,-1,241,219,221,-1,241,221,239,-1,239,221,223,-1,239,223,237,-1,237,223,225,-1,237,225,235,-1,235,225,227,-1,235,227,233,-1,233,227,229,-1,233,229,139,-1,139,229,202,-1,139,202,137,-1,137,202,205,-1,137,205,135,-1,135,205,207,-1,135,207,133,-1,133,207,209,-1,133,209,131,-1,131,209,211,-1,131,211,129,-1,129,211,213,-1,129,213,127,-1,127,213,215,-1,127,215,124,-1,124,215,188,-1,124,188,154,-1,154,188,191,-1,154,191,152,-1,152,191,193,-1,152,193,150,-1,150,193,195,-1,150,195,148,-1,148,195,197,-1,148,197,146,-1,146,197,199,-1,146,199,143,-1,143,199,201,-1,143,201,142,-1,142,201,172,-1,142,172,175,-1,244,245,246,-1,246,245,247,-1,248,249,244,-1,244,249,245,-1,250,251,248,-1,248,251,249,-1,252,253,250,-1,250,253,251,-1,254,255,252,-1,252,255,253,-1,254,246,255,-1,255,246,247,-1,248,244,250,-1,250,244,246,-1,250,246,252,-1,252,246,254,-1,
        ]
    }
}
Shape{
    appearance Appearance {
        material  Material 	{
            diffuseColor 0.8431372549019608 0.8156862745098039 0.7529411764705882
            specularColor 0.25098039215686274 0.24313725490196078 0.22745098039215686
            ambientIntensity 0.8167
            transparency 0.0
            shininess 0.5
        }
    }
    geometry IndexedFaceSet {
        ccw TRUE
        solid FALSE
        coord DEF co Coordinate {
            point [
                -0.2747 -0.1254 0.0, -0.2599 -0.1816 0.0, -0.2765 -0.1254 0.0, -0.2913 -0.1816 0.0, -0.1564 -0.1099 0.0, -0.1447 -0.108 0.0, -0.1804 -0.133 0.0, -0.131 -0.1079 0.0, -0.131 -0.2304 0.0, -0.1411 -0.1079 0.0, -0.1411 -0.2304 0.0, -0.183 -0.1967 0.0, -0.1854 -0.1696 0.0, -0.1839 -0.1476 0.0, -0.1536 -0.2292 0.0, -0.1622 -0.2263 0.0, -0.1789 -0.2096 0.0, -0.1692 -0.222 0.0, -0.1747 -0.2166 0.0, -0.1762 -0.1243 0.0, -0.1711 -0.1182 0.0, -0.1644 -0.1133 0.0, -4.1338 -0.6004 0.6299, -4.1338 -0.6004 0.1575, -4.1338 -0.9941 0.6299, -4.1338 -0.9941 0.1575, -4.0551 -0.6004 0.1575, -4.0551 -0.6004 0.6496, -4.0551 -1.3209 0.1575, -4.0551 -1.3222 0.6496, -4.0551 -1.3222 0.1562, -4.1338 -0.6004 0.6496, 4.1339 -0.9941 0.1575, 4.1339 -0.6004 0.1575, 4.1339 -0.9941 0.6299, 4.1339 -0.6004 0.6299, 4.0551 -0.6004 0.6496, 4.0551 -0.6004 0.1575, 4.0551 -1.3222 0.6496, 4.0551 -1.3209 0.1575, 4.0551 -1.3222 0.1562, 4.1339 -0.6004 0.6496, -4.0354 -1.3091 0.7874, -4.0354 -1.3091 0.6496, -3.8878 -1.3091 0.6496, -3.7894 -1.3091 0.6496, -3.6909 -1.3091 0.6496, -3.7894 -1.3091 0.7283, -3.6909 -1.3091 0.7283, -0.6398 -1.3091 0.7283, -0.6398 -1.3091 0.6496, -0.5413 -1.3091 0.6496, -3.8878 -1.3091 0.7283, 4.0354 -1.3091 0.7874, -3.5925 -1.3091 0.7283, -3.5925 -1.3091 0.6496, -3.4941 -1.3091 0.6496, -3.4941 -1.3091 0.7283, -3.3957 -1.3091 0.7283, -3.3957 -1.3091 0.6496, -3.2972 -1.3091 0.6496, -3.2972 -1.3091 0.7283, -3.1988 -1.3091 0.7283, -3.1988 -1.3091 0.6496, -3.1004 -1.3091 0.6496, -3.1004 -1.3091 0.7283, -3.002 -1.3091 0.7283, -3.002 -1.3091 0.6496, -2.9035 -1.3091 0.6496, -2.9035 -1.3091 0.7283, -2.8051 -1.3091 0.7283, -2.8051 -1.3091 0.6496, -2.7067 -1.3091 0.6496, -2.7067 -1.3091 0.7283, -2.6083 -1.3091 0.7283, -2.6083 -1.3091 0.6496, -2.5098 -1.3091 0.6496, -2.5098 -1.3091 0.7283, -2.4114 -1.3091 0.7283, 0.7382 -1.3091 0.7283, 0.7382 -1.3091 0.6496, 0.8366 -1.3091 0.6496, -2.4114 -1.3091 0.6496, -2.313 -1.3091 0.6496, -2.313 -1.3091 0.7283, -2.2146 -1.3091 0.7283, -0.5413 -1.3091 0.7283, -0.4429 -1.3091 0.7283, -2.2146 -1.3091 0.6496, -2.1161 -1.3091 0.6496, -2.1161 -1.3091 0.7283, -2.0177 -1.3091 0.7283, -0.4429 -1.3091 0.6496, -0.3445 -1.3091 0.6496, -0.3445 -1.3091 0.7283, -0.2461 -1.3091 0.7283, -2.0177 -1.3091 0.6496, -1.9193 -1.3091 0.6496, -1.9193 -1.3091 0.7283, -1.8209 -1.3091 0.7283, -0.2461 -1.3091 0.6496, -0.1476 -1.3091 0.6496, -0.1476 -1.3091 0.7283, -0.0492 -1.3091 0.7283, 1.3288 -1.3091 0.7283, 1.3288 -1.3091 0.6496, 1.4272 -1.3091 0.6496, -1.8209 -1.3091 0.6496, -1.7224 -1.3091 0.6496, -1.7224 -1.3091 0.7283, -1.624 -1.3091 0.7283, -0.0492 -1.3091 0.6496, 0.0492 -1.3091 0.6496, 0.0492 -1.3091 0.7283, 0.1476 -1.3091 0.7283, -1.624 -1.3091 0.6496, -1.5256 -1.3091 0.6496, -1.5256 -1.3091 0.7283, -1.4272 -1.3091 0.7283, 0.1476 -1.3091 0.6496, 0.2461 -1.3091 0.6496, 0.2461 -1.3091 0.7283, 0.3445 -1.3091 0.7283, 0.8366 -1.3091 0.7283, 0.935 -1.3091 0.7283, -1.4272 -1.3091 0.6496, -1.3287 -1.3091 0.6496, -1.3287 -1.3091 0.7283, -1.2303 -1.3091 0.7283, 0.3445 -1.3091 0.6496, 0.4429 -1.3091 0.6496, 0.4429 -1.3091 0.7283, 0.5413 -1.3091 0.7283, 0.935 -1.3091 0.6496, 1.0335 -1.3091 0.6496, 1.0335 -1.3091 0.7283, 1.1319 -1.3091 0.7283, 1.9193 -1.3091 0.7283, 1.9193 -1.3091 0.6496, 2.0177 -1.3091 0.6496, 0.6398 -1.3091 0.7283, 0.6398 -1.3091 0.6496, 0.5413 -1.3091 0.6496, -1.2303 -1.3091 0.6496, -1.1319 -1.3091 0.6496, -1.1319 -1.3091 0.7283, -1.0335 -1.3091 0.7283, 1.4272 -1.3091 0.7283, 1.5256 -1.3091 0.7283, 1.2303 -1.3091 0.7283, 1.2303 -1.3091 0.6496, 1.1319 -1.3091 0.6496, 2.0177 -1.3091 0.7283, 2.1162 -1.3091 0.7283, -1.0335 -1.3091 0.6496, -0.935 -1.3091 0.6496, -0.935 -1.3091 0.7283, -0.8366 -1.3091 0.7283, 2.313 -1.3091 0.7283, 2.313 -1.3091 0.6496, 2.4114 -1.3091 0.6496, -0.7382 -1.3091 0.7283, -0.7382 -1.3091 0.6496, -0.8366 -1.3091 0.6496, 1.5256 -1.3091 0.6496, 1.624 -1.3091 0.6496, 1.624 -1.3091 0.7283, 1.7225 -1.3091 0.7283, 1.7225 -1.3091 0.6496, 1.8209 -1.3091 0.6496, 1.8209 -1.3091 0.7283, 2.4114 -1.3091 0.7283, 2.5099 -1.3091 0.7283, 2.1162 -1.3091 0.6496, 2.2146 -1.3091 0.6496, 2.2146 -1.3091 0.7283, 2.7067 -1.3091 0.7283, 2.7067 -1.3091 0.6496, 2.8051 -1.3091 0.6496, 2.8051 -1.3091 0.7283, 2.9036 -1.3091 0.7283, 2.6083 -1.3091 0.7283, 2.6083 -1.3091 0.6496, 2.5099 -1.3091 0.6496, 3.1004 -1.3091 0.7283, 3.1004 -1.3091 0.6496, 3.1988 -1.3091 0.6496, 3.1988 -1.3091 0.7283, 3.2973 -1.3091 0.7283, 3.002 -1.3091 0.7283, 3.002 -1.3091 0.6496, 2.9036 -1.3091 0.6496, 3.4941 -1.3091 0.7283, 3.4941 -1.3091 0.6496, 3.5925 -1.3091 0.6496, 3.5925 -1.3091 0.7283, 3.691 -1.3091 0.7283, 3.3957 -1.3091 0.7283, 3.3957 -1.3091 0.6496, 3.2973 -1.3091 0.6496, 3.8878 -1.3091 0.6496, 4.0354 -1.3091 0.6496, 3.8878 -1.3091 0.7283, 3.7894 -1.3091 0.7283, 3.7894 -1.3091 0.6496, 3.691 -1.3091 0.6496, -4.1535 -1.3878 0.7874, -4.1535 -1.3878 0.0906, 4.1536 -1.3878 0.0906, 4.1536 -1.3878 0.7874, 3.8878 -1.3209 0.1575, 3.8878 -1.3878 0.0906, 3.7894 -1.3878 0.0906, 3.7894 -1.3209 0.1575, 3.691 -1.3878 0.0906, 3.691 -1.3209 0.1575, 3.5925 -1.3878 0.0906, 3.5925 -1.3209 0.1575, 3.4941 -1.3878 0.0906, 3.4941 -1.3209 0.1575, 3.3957 -1.3878 0.0906, 3.3957 -1.3209 0.1575, 3.2973 -1.3878 0.0906, 3.2973 -1.3209 0.1575, 3.1988 -1.3878 0.0906, 3.1988 -1.3209 0.1575, 3.1004 -1.3878 0.0906, 3.1004 -1.3209 0.1575, 3.002 -1.3878 0.0906, 3.002 -1.3209 0.1575, 2.9036 -1.3878 0.0906, 2.9036 -1.3209 0.1575, 2.8051 -1.3878 0.0906, 2.8051 -1.3209 0.1575, 2.7067 -1.3878 0.0906, 2.7067 -1.3209 0.1575, 2.6083 -1.3878 0.0906, 2.6083 -1.3209 0.1575, 2.5099 -1.3878 0.0906, 2.5099 -1.3209 0.1575, 2.4114 -1.3878 0.0906, 2.4114 -1.3209 0.1575, 2.313 -1.3878 0.0906, 2.313 -1.3209 0.1575, 2.2146 -1.3878 0.0906, 2.2146 -1.3209 0.1575, 2.1162 -1.3878 0.0906, 2.1162 -1.3209 0.1575, 2.0177 -1.3878 0.0906, 2.0177 -1.3209 0.1575, 1.9193 -1.3878 0.0906, 1.9193 -1.3209 0.1575, 1.8209 -1.3878 0.0906, 1.8209 -1.3209 0.1575, 1.7225 -1.3878 0.0906, 1.7225 -1.3209 0.1575, 1.624 -1.3878 0.0906, 1.624 -1.3209 0.1575, 1.5256 -1.3878 0.0906, 1.5256 -1.3209 0.1575, 1.4272 -1.3878 0.0906, 1.4272 -1.3209 0.1575, 1.3288 -1.3878 0.0906, 1.3288 -1.3209 0.1575, 1.2303 -1.3878 0.0906, 1.2303 -1.3209 0.1575, 1.1319 -1.3878 0.0906, 1.1319 -1.3209 0.1575, 1.0335 -1.3878 0.0906, 1.0335 -1.3209 0.1575, 0.935 -1.3878 0.0906, 0.935 -1.3209 0.1575, 0.8366 -1.3878 0.0906, 0.8366 -1.3209 0.1575, 0.7382 -1.3878 0.0906, 0.7382 -1.3209 0.1575, 0.6398 -1.3878 0.0906, 0.6398 -1.3209 0.1575, 0.5413 -1.3878 0.0906, 0.5413 -1.3209 0.1575, 0.4429 -1.3878 0.0906, 0.4429 -1.3209 0.1575, 0.3445 -1.3878 0.0906, 0.3445 -1.3209 0.1575, 0.2461 -1.3878 0.0906, 0.2461 -1.3209 0.1575, 0.1476 -1.3878 0.0906, 0.1476 -1.3209 0.1575, 0.0492 -1.3878 0.0906, 0.0492 -1.3209 0.1575, -0.0492 -1.3878 0.0906, -0.0492 -1.3209 0.1575, -0.1476 -1.3878 0.0906, -0.1476 -1.3209 0.1575, -0.2461 -1.3878 0.0906, -0.2461 -1.3209 0.1575, -0.3445 -1.3878 0.0906, -0.3445 -1.3209 0.1575, -0.4429 -1.3878 0.0906, -0.4429 -1.3209 0.1575, -0.5413 -1.3878 0.0906, -0.5413 -1.3209 0.1575, -0.6398 -1.3878 0.0906, -0.6398 -1.3209 0.1575, -0.7382 -1.3878 0.0906, -0.7382 -1.3209 0.1575, -0.8366 -1.3878 0.0906, -0.8366 -1.3209 0.1575, -0.935 -1.3878 0.0906, -0.935 -1.3209 0.1575, -1.0335 -1.3878 0.0906, -1.0335 -1.3209 0.1575, -1.1319 -1.3878 0.0906, -1.1319 -1.3209 0.1575, -1.2303 -1.3878 0.0906, -1.2303 -1.3209 0.1575, -1.3287 -1.3878 0.0906, -1.3287 -1.3209 0.1575, -1.4272 -1.3878 0.0906, -1.4272 -1.3209 0.1575, -1.5256 -1.3878 0.0906, -1.5256 -1.3209 0.1575, -1.624 -1.3878 0.0906, -1.624 -1.3209 0.1575, -1.7224 -1.3878 0.0906, -1.7224 -1.3209 0.1575, -1.8209 -1.3878 0.0906, -1.8209 -1.3209 0.1575, -1.9193 -1.3878 0.0906, -1.9193 -1.3209 0.1575, -2.0177 -1.3878 0.0906, -2.0177 -1.3209 0.1575, -2.1161 -1.3878 0.0906, -2.1161 -1.3209 0.1575, -2.2146 -1.3878 0.0906, -2.2146 -1.3209 0.1575, -2.313 -1.3878 0.0906, -2.313 -1.3209 0.1575, -2.4114 -1.3878 0.0906, -2.4114 -1.3209 0.1575, -2.5098 -1.3878 0.0906, -2.5098 -1.3209 0.1575, -2.6083 -1.3878 0.0906, -2.6083 -1.3209 0.1575, -2.7067 -1.3878 0.0906, -2.7067 -1.3209 0.1575, -2.8051 -1.3878 0.0906, -2.8051 -1.3209 0.1575, -2.9035 -1.3878 0.0906, -2.9035 -1.3209 0.1575, -3.002 -1.3878 0.0906, -3.002 -1.3209 0.1575, -3.1004 -1.3878 0.0906, -3.1004 -1.3209 0.1575, -3.1988 -1.3878 0.0906, -3.1988 -1.3209 0.1575, -3.2972 -1.3878 0.0906, -3.2972 -1.3209 0.1575, -3.3957 -1.3878 0.0906, -3.3957 -1.3209 0.1575, -3.4941 -1.3878 0.0906, -3.4941 -1.3209 0.1575, -3.5925 -1.3878 0.0906, -3.5925 -1.3209 0.1575, -3.6909 -1.3878 0.0906, -3.6909 -1.3209 0.1575, -3.7894 -1.3878 0.0906, -3.7894 -1.3209 0.1575, -3.8878 -1.3209 0.1575, -3.8878 -1.3878 0.0906, 4.374 -1.3878 0.2953, 4.374 -0.9941 0.2953, 4.5473 -1.3878 0.2953, 4.5473 -0.9941 0.2953, 4.374 -0.2067 0.0984, 4.374 -0.2067 0.1575, 4.374 -0.9941 0.1575, 4.374 -1.3878 0.0984, 4.5473 -0.2067 0.0984, 4.5473 -0.2067 0.1575, 4.5473 -1.3878 0.0984, -4.5472 -1.3878 0.2953, -4.5472 -0.9941 0.2953, -4.374 -1.3878 0.2953, -4.374 -0.9941 0.2953, -4.374 -0.2067 0.1575, -4.374 -0.2067 0.0984, -4.374 -0.9941 0.1575, -4.374 -1.3878 0.0984, -4.5472 -0.2067 0.0984, -4.5472 -1.3878 0.0984, -4.5472 -0.2067 0.1575, -4.0846 0.2251 0.7283, -4.0846 0.2251 0.6496, -4.085 0.225 0.6496, -4.0748 0.2264 0.7874, -4.0748 0.2264 0.7283, -4.085 0.225 0.7874, -4.0945 0.2211 0.6496, -4.0945 0.2211 0.7874, -4.1026 0.2148 0.6496, -4.1026 0.2148 0.7874, -4.1089 0.2067 0.6496, -4.1089 0.2067 0.7874, -4.1128 0.1972 0.6496, -4.1128 0.1972 0.7874, -4.1142 0.187 0.6496, -4.1142 0.187 0.7874, 4.085 0.225 0.6496, 4.0847 0.2251 0.6496, 4.0847 0.2251 0.7283, 4.0748 0.2264 0.7283, 4.0748 0.2264 0.7874, 4.085 0.225 0.7874, 4.0945 0.2211 0.7874, 4.0945 0.2211 0.6496, 4.1027 0.2148 0.7874, 4.1027 0.2148 0.6496, 4.1089 0.2067 0.7874, 4.1089 0.2067 0.6496, 4.1128 0.1972 0.7874, 4.1128 0.1972 0.6496, 4.1142 0.187 0.7874, 4.1142 0.187 0.6496, 4.3898 -0.1673 0.7874, 4.3898 -0.1673 0.6299, 4.3884 -0.1775 0.7874, 4.3884 -0.1775 0.6299, 4.3845 -0.187 0.7874, 4.3845 -0.187 0.6299, 4.3782 -0.1952 0.7874, 4.3782 -0.1952 0.6299, 4.3701 -0.2014 0.7874, 4.3701 -0.2014 0.6299, 4.3606 -0.2053 0.7874, 4.3606 -0.2053 0.6299, 4.3504 -0.2067 0.7874, 4.3504 -0.2067 0.6299, 4.1142 -0.1673 0.6496, 4.1142 -0.1673 0.7874, 4.1155 -0.1775 0.6496, 4.1155 -0.1775 0.7874, 4.1195 -0.187 0.6496, 4.1195 -0.187 0.7874, 4.1257 -0.1952 0.6496, 4.1257 -0.1952 0.7874, 4.1339 -0.2014 0.6496, 4.1339 -0.2014 0.7874, 4.1434 -0.2053 0.7874, 4.1339 -0.2014 0.6299, 4.1434 -0.2053 0.6299, 4.1536 -0.2067 0.6299, 4.1536 -0.2067 0.7874, -4.3504 -0.2067 0.7874, -4.3504 -0.2067 0.6299, -4.3606 -0.2053 0.7874, -4.3606 -0.2053 0.6299, -4.3701 -0.2014 0.7874, -4.3701 -0.2014 0.6299, -4.3782 -0.1952 0.7874, -4.3782 -0.1952 0.6299, -4.3845 -0.187 0.7874, -4.3845 -0.187 0.6299, -4.3884 -0.1775 0.7874, -4.3884 -0.1775 0.6299, -4.3898 -0.1673 0.7874, -4.3898 -0.1673 0.6299, -4.1535 -0.2067 0.6299, -4.1535 -0.2067 0.7874, -4.1433 -0.2053 0.6299, -4.1433 -0.2053 0.7874, -4.1338 -0.2014 0.7874, -4.1338 -0.2014 0.6299, -4.1338 -0.2014 0.6496, -4.1257 -0.1952 0.6496, -4.1257 -0.1952 0.7874, -4.1194 -0.187 0.6496, -4.1194 -0.187 0.7874, -4.1155 -0.1775 0.6496, -4.1155 -0.1775 0.7874, -4.1142 -0.1673 0.6496, -4.1142 -0.1673 0.7874, -4.0354 0.4232 0.0, -4.0354 0.4232 0.0079, -0.0992 0.4232 0.0, 4.0354 0.4232 0.0079, 4.0354 0.4232 0.0, 4.0354 0.4626 0.0079, -4.0354 0.4626 0.0079, 4.252 0.4626 0.1575, 4.252 -0.0492 0.1575, 4.252 0.4626 0.0591, 4.252 -0.0492 0.0591, 4.3701 -0.0492 0.1575, 4.3701 -0.0492 0.0591, 4.3681 -0.0645 0.1575, 4.3681 -0.0645 0.0591, 4.3622 -0.0787 0.1575, 4.3622 -0.0787 0.0591, 4.3528 -0.091 0.1575, 4.3528 -0.091 0.0591, 4.3406 -0.1004 0.1575, 4.3406 -0.1004 0.0591, 4.3263 -0.1063 0.1575, 4.3263 -0.1063 0.0591, 4.311 -0.1083 0.1575, 4.311 -0.1083 0.0591, 4.2957 -0.1063 0.1575, 4.2957 -0.1063 0.0591, 4.2815 -0.1004 0.1575, 4.2815 -0.1004 0.0591, 4.2693 -0.091 0.1575, 4.2693 -0.091 0.0591, 4.2599 -0.0787 0.1575, 4.2599 -0.0787 0.0591, 4.254 -0.0645 0.1575, 4.254 -0.0645 0.0591, 4.3701 0.5413 0.0591, 4.3701 0.5413 0.1575, -4.252 -0.0492 0.1575, -4.252 -0.0492 0.0591, -4.254 -0.0645 0.1575, -4.254 -0.0645 0.0591, -4.2599 -0.0787 0.1575, -4.2599 -0.0787 0.0591, -4.2693 -0.091 0.1575, -4.2693 -0.091 0.0591, -4.2815 -0.1004 0.1575, -4.2815 -0.1004 0.0591, -4.2957 -0.1063 0.1575, -4.2957 -0.1063 0.0591, -4.311 -0.1083 0.1575, -4.311 -0.1083 0.0591, -4.3263 -0.1063 0.1575, -4.3263 -0.1063 0.0591, -4.3405 -0.1004 0.1575, -4.3405 -0.1004 0.0591, -4.3528 -0.091 0.1575, -4.3528 -0.091 0.0591, -4.3622 -0.0787 0.1575, -4.3622 -0.0787 0.0591, -4.3681 -0.0645 0.1575, -4.3681 -0.0645 0.0591, -4.3701 -0.0492 0.1575, -4.3701 -0.0492 0.0591, -4.252 0.4626 0.0591, -4.252 0.4626 0.1575, -4.3701 0.5413 0.0591, -4.3701 0.5413 0.1575, -4.0354 0.4626 0.0591, -3.8878 0.4626 0.1575, -3.7894 0.4626 0.1575, -3.6909 0.4626 0.1575, -3.7894 0.4626 0.0787, -3.6909 0.4626 0.0787, -1.0335 0.4626 0.0787, -1.0335 0.4626 0.1575, -0.935 0.4626 0.1575, -0.935 0.4626 0.0787, -0.8366 0.4626 0.0787, -3.8878 0.4626 0.0787, -3.5925 0.4626 0.0787, -3.5925 0.4626 0.1575, -3.4941 0.4626 0.1575, -3.4941 0.4626 0.0787, -3.3957 0.4626 0.0787, -3.3957 0.4626 0.1575, -3.2972 0.4626 0.1575, -3.2972 0.4626 0.0787, -3.1988 0.4626 0.0787, -3.1988 0.4626 0.1575, -3.1004 0.4626 0.1575, -3.1004 0.4626 0.0787, -3.002 0.4626 0.0787, -3.002 0.4626 0.1575, -2.9035 0.4626 0.1575, -2.9035 0.4626 0.0787, -2.8051 0.4626 0.0787, 0.3445 0.4626 0.0787, 0.3445 0.4626 0.1575, 0.4429 0.4626 0.1575, -2.8051 0.4626 0.1575, -2.7067 0.4626 0.1575, -2.7067 0.4626 0.0787, -2.6083 0.4626 0.0787, -2.6083 0.4626 0.1575, -2.5098 0.4626 0.1575, -2.5098 0.4626 0.0787, -2.4114 0.4626 0.0787, 0.4429 0.4626 0.0787, 0.5413 0.4626 0.0787, -2.4114 0.4626 0.1575, -2.313 0.4626 0.1575, -2.313 0.4626 0.0787, -2.2146 0.4626 0.0787, -0.8366 0.4626 0.1575, -0.7382 0.4626 0.1575, -0.7382 0.4626 0.0787, -0.6398 0.4626 0.0787, -2.2146 0.4626 0.1575, -2.1161 0.4626 0.1575, -2.1161 0.4626 0.0787, -2.0177 0.4626 0.0787, -0.6398 0.4626 0.1575, -0.5413 0.4626 0.1575, -0.5413 0.4626 0.0787, -0.4429 0.4626 0.0787, 1.1319 0.4626 0.0787, 1.1319 0.4626 0.1575, 1.2303 0.4626 0.1575, -2.0177 0.4626 0.1575, -1.9193 0.4626 0.1575, -1.9193 0.4626 0.0787, -1.8209 0.4626 0.0787, -0.4429 0.4626 0.1575, -0.3445 0.4626 0.1575, -0.3445 0.4626 0.0787, -0.2461 0.4626 0.0787, -1.8209 0.4626 0.1575, -1.7224 0.4626 0.1575, -1.7224 0.4626 0.0787, -1.624 0.4626 0.0787, -0.2461 0.4626 0.1575, -0.1476 0.4626 0.1575, -0.1476 0.4626 0.0787, -0.0492 0.4626 0.0787, 0.5413 0.4626 0.1575, 0.6398 0.4626 0.1575, 0.6398 0.4626 0.0787, 0.7382 0.4626 0.0787, -1.624 0.4626 0.1575, -1.5256 0.4626 0.1575, -1.5256 0.4626 0.0787, -1.4272 0.4626 0.0787, -0.0492 0.4626 0.1575, 0.0492 0.4626 0.1575, 0.0492 0.4626 0.0787, 0.1476 0.4626 0.0787, 0.7382 0.4626 0.1575, 0.8366 0.4626 0.1575, 0.8366 0.4626 0.0787, 0.935 0.4626 0.0787, 1.7225 0.4626 0.0787, 1.7225 0.4626 0.1575, 1.8209 0.4626 0.1575, -1.4272 0.4626 0.1575, -1.3287 0.4626 0.1575, -1.3287 0.4626 0.0787, -1.2303 0.4626 0.0787, 0.1476 0.4626 0.1575, 0.2461 0.4626 0.1575, 0.2461 0.4626 0.0787, 1.2303 0.4626 0.0787, 1.3288 0.4626 0.0787, -1.2303 0.4626 0.1575, -1.1319 0.4626 0.1575, -1.1319 0.4626 0.0787, 1.0335 0.4626 0.0787, 1.0335 0.4626 0.1575, 0.935 0.4626 0.1575, 1.8209 0.4626 0.0787, 1.9193 0.4626 0.0787, 1.3288 0.4626 0.1575, 1.4272 0.4626 0.1575, 1.4272 0.4626 0.0787, 1.5256 0.4626 0.0787, 1.5256 0.4626 0.1575, 1.624 0.4626 0.1575, 1.624 0.4626 0.0787, 2.313 0.4626 0.0787, 2.313 0.4626 0.1575, 2.4114 0.4626 0.1575, 2.4114 0.4626 0.0787, 2.5099 0.4626 0.0787, 1.9193 0.4626 0.1575, 2.0177 0.4626 0.1575, 2.0177 0.4626 0.0787, 2.1162 0.4626 0.0787, 2.2146 0.4626 0.0787, 2.2146 0.4626 0.1575, 2.1162 0.4626 0.1575, 2.7067 0.4626 0.0787, 2.7067 0.4626 0.1575, 2.8051 0.4626 0.1575, 2.8051 0.4626 0.0787, 2.9036 0.4626 0.0787, 2.6083 0.4626 0.0787, 2.6083 0.4626 0.1575, 2.5099 0.4626 0.1575, 3.1004 0.4626 0.0787, 3.1004 0.4626 0.1575, 3.1988 0.4626 0.1575, 3.1988 0.4626 0.0787, 3.2973 0.4626 0.0787, 3.002 0.4626 0.0787, 3.002 0.4626 0.1575, 2.9036 0.4626 0.1575, 3.4941 0.4626 0.0787, 3.4941 0.4626 0.1575, 3.5925 0.4626 0.1575, 3.5925 0.4626 0.0787, 3.691 0.4626 0.0787, 3.3957 0.4626 0.0787, 3.3957 0.4626 0.1575, 3.2973 0.4626 0.1575, 3.691 0.4626 0.1575, 3.7894 0.4626 0.1575, 3.7894 0.4626 0.0787, 3.8878 0.4626 0.0787, 4.0354 0.4626 0.0591, 3.8878 0.4626 0.1575
            ]
        }
        coordIndex [
            0,1,2,-1,2,1,3,-1,4,5,6,-1,7,8,9,-1,9,8,10,-1,9,10,5,-1,11,12,10,-1,10,12,5,-1,5,12,13,-1,5,13,6,-1,10,14,11,-1,11,14,15,-1,11,15,16,-1,16,15,17,-1,16,17,18,-1,19,20,6,-1,6,20,21,-1,6,21,4,-1,22,23,24,-1,24,23,25,-1,26,27,28,-1,28,27,29,-1,28,29,30,-1,31,27,22,-1,22,27,26,-1,22,26,23,-1,32,33,34,-1,34,33,35,-1,36,37,38,-1,38,37,39,-1,38,39,40,-1,33,37,35,-1,35,37,36,-1,35,36,41,-1,42,43,44,-1,45,46,47,-1,47,46,48,-1,49,50,51,-1,44,52,42,-1,42,52,47,-1,42,47,53,-1,53,47,48,-1,53,48,54,-1,55,56,54,-1,54,56,57,-1,54,57,53,-1,53,57,58,-1,59,60,58,-1,58,60,61,-1,58,61,53,-1,53,61,62,-1,63,64,62,-1,62,64,65,-1,62,65,53,-1,53,65,66,-1,67,68,66,-1,66,68,69,-1,66,69,53,-1,53,69,70,-1,71,72,70,-1,70,72,73,-1,70,73,53,-1,53,73,74,-1,75,76,74,-1,74,76,77,-1,74,77,53,-1,53,77,78,-1,79,80,81,-1,82,83,78,-1,78,83,84,-1,78,84,53,-1,53,84,85,-1,53,86,87,-1,88,89,85,-1,85,89,90,-1,85,90,53,-1,53,90,91,-1,92,93,87,-1,87,93,94,-1,87,94,53,-1,53,94,95,-1,96,97,91,-1,91,97,98,-1,91,98,53,-1,53,98,99,-1,100,101,95,-1,95,101,102,-1,95,102,53,-1,53,102,103,-1,104,105,106,-1,107,108,99,-1,99,108,109,-1,99,109,53,-1,53,109,110,-1,111,112,103,-1,103,112,113,-1,103,113,53,-1,53,113,114,-1,115,116,110,-1,110,116,117,-1,110,117,53,-1,53,117,118,-1,119,120,114,-1,114,120,121,-1,114,121,53,-1,53,121,122,-1,53,123,124,-1,125,126,118,-1,118,126,127,-1,118,127,53,-1,53,127,128,-1,129,130,122,-1,122,130,131,-1,122,131,53,-1,53,131,132,-1,133,134,124,-1,124,134,135,-1,124,135,53,-1,53,135,136,-1,137,138,139,-1,81,123,79,-1,79,123,53,-1,79,53,140,-1,140,53,132,-1,140,132,141,-1,141,132,142,-1,143,144,128,-1,128,144,145,-1,128,145,53,-1,53,145,146,-1,147,148,53,-1,106,147,104,-1,104,147,53,-1,104,53,149,-1,149,53,136,-1,149,136,150,-1,150,136,151,-1,152,153,53,-1,154,155,146,-1,146,155,156,-1,146,156,53,-1,53,156,157,-1,158,159,160,-1,51,86,49,-1,49,86,53,-1,49,53,161,-1,161,53,157,-1,161,157,162,-1,162,157,163,-1,164,165,148,-1,148,165,166,-1,148,166,53,-1,53,166,167,-1,168,169,167,-1,167,169,170,-1,167,170,53,-1,53,170,137,-1,53,137,152,-1,152,137,139,-1,171,172,53,-1,173,174,153,-1,153,174,175,-1,153,175,53,-1,53,175,158,-1,53,158,171,-1,171,158,160,-1,176,177,178,-1,179,180,53,-1,178,179,176,-1,176,179,53,-1,176,53,181,-1,181,53,172,-1,181,172,182,-1,182,172,183,-1,184,185,186,-1,187,188,53,-1,186,187,184,-1,184,187,53,-1,184,53,189,-1,189,53,180,-1,189,180,190,-1,190,180,191,-1,192,193,194,-1,195,196,53,-1,194,195,192,-1,192,195,53,-1,192,53,197,-1,197,53,188,-1,197,188,198,-1,198,188,199,-1,200,201,202,-1,202,201,53,-1,202,53,203,-1,203,53,196,-1,203,196,204,-1,204,196,205,-1,43,42,29,-1,29,42,206,-1,29,206,30,-1,30,206,207,-1,40,208,38,-1,38,208,209,-1,38,209,201,-1,201,209,53,-1,39,210,40,-1,40,210,211,-1,40,211,208,-1,212,213,214,-1,214,213,215,-1,216,217,218,-1,218,217,219,-1,220,221,222,-1,222,221,223,-1,224,225,226,-1,226,225,227,-1,228,229,230,-1,230,229,231,-1,232,233,234,-1,234,233,235,-1,236,237,238,-1,238,237,239,-1,240,241,242,-1,242,241,243,-1,244,245,246,-1,246,245,247,-1,248,249,250,-1,250,249,251,-1,252,253,254,-1,254,253,255,-1,256,257,258,-1,258,257,259,-1,260,261,262,-1,262,261,263,-1,264,265,266,-1,266,265,267,-1,268,269,270,-1,270,269,271,-1,272,273,274,-1,274,273,275,-1,276,277,278,-1,278,277,279,-1,280,281,282,-1,282,281,283,-1,284,285,286,-1,286,285,287,-1,288,289,290,-1,290,289,291,-1,292,293,294,-1,294,293,295,-1,296,297,298,-1,298,297,299,-1,300,301,302,-1,302,301,303,-1,304,305,306,-1,306,305,307,-1,308,309,310,-1,310,309,311,-1,312,313,314,-1,314,313,315,-1,316,317,318,-1,318,317,319,-1,320,321,322,-1,322,321,323,-1,324,325,326,-1,326,325,327,-1,328,329,330,-1,330,329,331,-1,332,333,334,-1,334,333,335,-1,336,337,338,-1,338,337,339,-1,340,341,342,-1,342,341,343,-1,344,345,346,-1,346,345,347,-1,348,349,350,-1,350,349,351,-1,352,353,354,-1,354,353,355,-1,356,357,358,-1,358,357,359,-1,360,361,362,-1,362,361,363,-1,364,365,366,-1,366,365,367,-1,368,28,369,-1,369,28,30,-1,369,30,207,-1,370,371,372,-1,372,371,373,-1,374,375,376,-1,371,370,376,-1,376,370,377,-1,376,377,374,-1,378,379,374,-1,374,379,375,-1,378,374,380,-1,380,374,377,-1,381,382,383,-1,383,382,384,-1,385,386,387,-1,387,386,388,-1,387,388,384,-1,384,388,383,-1,386,389,388,-1,388,389,390,-1,389,386,391,-1,391,386,385,-1,392,393,394,-1,395,396,397,-1,397,396,392,-1,392,394,397,-1,397,394,398,-1,397,398,399,-1,399,398,400,-1,399,400,401,-1,401,400,402,-1,401,402,403,-1,403,402,404,-1,403,404,405,-1,405,404,406,-1,405,406,407,-1,408,409,410,-1,411,412,410,-1,410,412,413,-1,410,413,408,-1,408,413,414,-1,408,414,415,-1,415,414,416,-1,415,416,417,-1,417,416,418,-1,417,418,419,-1,419,418,420,-1,419,420,421,-1,421,420,422,-1,421,422,423,-1,424,425,426,-1,426,425,427,-1,426,427,428,-1,428,427,429,-1,428,429,430,-1,430,429,431,-1,430,431,432,-1,432,431,433,-1,432,433,434,-1,434,433,435,-1,434,435,436,-1,436,435,437,-1,438,439,440,-1,440,439,441,-1,440,441,442,-1,442,441,443,-1,442,443,444,-1,444,443,445,-1,444,445,446,-1,446,445,447,-1,446,447,448,-1,449,446,450,-1,450,446,448,-1,450,448,451,-1,451,448,452,-1,453,454,455,-1,455,454,456,-1,455,456,457,-1,457,456,458,-1,457,458,459,-1,459,458,460,-1,459,460,461,-1,461,460,462,-1,461,462,463,-1,463,462,464,-1,463,464,465,-1,465,464,466,-1,467,468,469,-1,469,468,470,-1,469,470,471,-1,472,469,473,-1,473,469,471,-1,473,471,474,-1,474,471,475,-1,474,475,476,-1,476,475,477,-1,476,477,478,-1,478,477,479,-1,478,479,480,-1,480,479,481,-1,482,483,484,-1,484,483,485,-1,484,485,486,-1,485,483,487,-1,487,483,488,-1,489,490,491,-1,491,490,492,-1,493,494,495,-1,495,494,496,-1,495,496,497,-1,497,496,498,-1,497,498,499,-1,499,498,500,-1,499,500,501,-1,501,500,502,-1,501,502,503,-1,503,502,504,-1,503,504,505,-1,505,504,506,-1,505,506,507,-1,507,506,508,-1,507,508,509,-1,509,508,510,-1,509,510,511,-1,511,510,512,-1,511,512,513,-1,513,512,514,-1,513,514,515,-1,515,514,516,-1,515,516,490,-1,490,516,492,-1,494,493,517,-1,517,493,518,-1,519,520,521,-1,521,520,522,-1,521,522,523,-1,523,522,524,-1,523,524,525,-1,525,524,526,-1,525,526,527,-1,527,526,528,-1,527,528,529,-1,529,528,530,-1,529,530,531,-1,531,530,532,-1,531,532,533,-1,533,532,534,-1,533,534,535,-1,535,534,536,-1,535,536,537,-1,537,536,538,-1,537,538,539,-1,539,538,540,-1,539,540,541,-1,541,540,542,-1,541,542,543,-1,543,542,544,-1,545,520,546,-1,546,520,519,-1,544,547,543,-1,543,547,548,-1,545,546,549,-1,549,546,550,-1,549,550,488,-1,551,552,553,-1,553,552,554,-1,555,556,557,-1,558,559,487,-1,550,560,488,-1,488,560,553,-1,488,553,487,-1,487,553,554,-1,487,554,561,-1,562,563,561,-1,561,563,564,-1,561,564,487,-1,487,564,565,-1,566,567,565,-1,565,567,568,-1,565,568,487,-1,487,568,569,-1,570,571,569,-1,569,571,572,-1,569,572,487,-1,487,572,573,-1,574,575,573,-1,573,575,576,-1,573,576,487,-1,487,576,577,-1,578,579,580,-1,581,582,577,-1,577,582,583,-1,577,583,487,-1,487,583,584,-1,585,586,584,-1,584,586,587,-1,584,587,487,-1,487,587,588,-1,589,590,487,-1,591,592,588,-1,588,592,593,-1,588,593,487,-1,487,593,594,-1,595,596,559,-1,559,596,597,-1,559,597,487,-1,487,597,598,-1,599,600,594,-1,594,600,601,-1,594,601,487,-1,487,601,602,-1,603,604,598,-1,598,604,605,-1,598,605,487,-1,487,605,606,-1,607,608,609,-1,610,611,602,-1,602,611,612,-1,602,612,487,-1,487,612,613,-1,614,615,606,-1,606,615,616,-1,606,616,487,-1,487,616,617,-1,618,619,613,-1,613,619,620,-1,613,620,487,-1,487,620,621,-1,622,623,617,-1,617,623,624,-1,617,624,487,-1,487,624,625,-1,626,627,590,-1,590,627,628,-1,590,628,487,-1,487,628,629,-1,630,631,621,-1,621,631,632,-1,621,632,487,-1,487,632,633,-1,634,635,625,-1,625,635,636,-1,625,636,487,-1,487,636,637,-1,638,639,629,-1,629,639,640,-1,629,640,487,-1,487,640,641,-1,642,643,644,-1,645,646,633,-1,633,646,647,-1,633,647,487,-1,487,647,648,-1,649,650,637,-1,637,650,651,-1,637,651,487,-1,487,651,578,-1,487,578,589,-1,589,578,580,-1,652,653,487,-1,654,655,648,-1,648,655,656,-1,648,656,487,-1,487,656,555,-1,487,555,558,-1,558,555,557,-1,609,652,607,-1,607,652,487,-1,607,487,657,-1,657,487,641,-1,657,641,658,-1,658,641,659,-1,660,661,487,-1,662,663,653,-1,653,663,664,-1,653,664,487,-1,487,664,665,-1,666,667,665,-1,665,667,668,-1,665,668,487,-1,487,668,642,-1,487,642,660,-1,660,642,644,-1,669,670,671,-1,672,673,487,-1,674,675,661,-1,661,675,676,-1,661,676,487,-1,487,676,677,-1,671,672,669,-1,669,672,487,-1,669,487,678,-1,678,487,677,-1,678,677,679,-1,679,677,680,-1,681,682,683,-1,684,685,487,-1,683,684,681,-1,681,684,487,-1,681,487,686,-1,686,487,673,-1,686,673,687,-1,687,673,688,-1,689,690,691,-1,692,693,487,-1,691,692,689,-1,689,692,487,-1,689,487,694,-1,694,487,685,-1,694,685,695,-1,695,685,696,-1,697,698,699,-1,700,701,487,-1,699,700,697,-1,697,700,487,-1,697,487,702,-1,702,487,693,-1,702,693,703,-1,703,693,704,-1,705,706,701,-1,701,706,707,-1,701,707,487,-1,487,707,708,-1,487,708,709,-1,709,708,710,-1,709,710,491,-1,491,710,489,-1,
        ]
    }
}